PassengerId,Survived,Pclass,Sex,Age,Fare,Embarked
0.0853932584269663,0,1.0,0.0,0.4903846153846155,0.12029972087807612,0.0
0.9213483146067416,1,0.0,1.0,0.9519230769230769,1.0,0.0
0.10674157303370786,0,1.0,0.0,0.4903846153846155,0.12264909864339432,0.0
0.5955056179775281,1,0.5,1.0,0.0,0.3961337347488512,0.0
0.3707865168539326,1,1.0,1.0,0.4903846153846155,0.3542349743427227,1.0
0.16741573033707868,0,0.5,0.0,0.7596153846153846,0.1980668673744256,0.0
0.7235955056179776,1,1.0,1.0,0.0,0.29341778091976156,0.5
0.10112359550561797,0,1.0,0.0,0.5096153846153846,0.12264909864339432,0.0
0.18314606741573036,0,1.0,0.0,0.27884615384615385,0.13198109527930474,0.0
0.7269662921348314,1,1.0,0.0,1.0,0.5408749070609314,0.0
0.8247191011235955,0,0.5,0.0,0.3942307692307693,0.1980668673744256,0.0
0.4966292134831461,0,1.0,0.0,0.4326923076923077,0.11845922260278147,0.0
0.5730337078651685,1,1.0,0.0,0.5096153846153846,0.11807832478090757,1.0
0.09101123595505618,1,1.0,0.0,0.5096153846153846,0.14474117231208025,0.0
0.4629213483146068,1,0.0,1.0,0.5865384615384616,1.0,1.0
0.5314606741573034,1,0.5,1.0,0.3942307692307693,0.21012913959752813,0.5
0.8415730337078652,0,1.0,0.0,0.548076923076923,0.11807832478090757,1.0
0.6213483146067416,1,1.0,0.0,0.37500000000000006,0.11007947052155576,0.5
0.2932584269662922,1,1.0,0.0,0.009615384615384616,0.47821721536267564,0.0
0.9460674157303371,1,0.0,1.0,0.5288461538461539,0.4723132991236303,0.5
0.5348314606741573,0,0.5,0.0,0.6057692307692307,0.31995417037407214,0.0
0.42471910112359557,0,1.0,0.0,0.33653846153846156,0.061134100410760214,0.5
0.7797752808988764,0,0.0,0.0,1.0,0.40451348683007693,0.0
0.8539325842696629,0,1.0,0.0,0.5288461538461539,0.22092073668685933,0.0
0.15168539325842698,0,0.5,0.0,0.3942307692307693,0.2292364979340102,0.5
0.3853932584269663,0,0.5,0.0,0.4326923076923077,0.1980668673744256,0.0
0.951685393258427,0,1.0,0.0,0.625,0.12029972087807612,0.5
0.2932584269662922,1,1.0,0.0,0.009615384615384616,0.47821721536267564,0.0
0.6528089887640449,1,0.0,1.0,0.7019230769230769,1.0,0.5
0.002247191011235955,1,1.0,1.0,0.4519230769230769,0.12074460953402483,0.0
0.12808988764044946,0,1.0,1.0,0.27884615384615385,0.22028539911997366,0.5
0.20898876404494385,1,1.0,1.0,0.4903846153846155,0.23615664956181515,1.0
0.1550561797752809,0,1.0,0.0,0.25961538461538464,0.14042483819460524,0.0
0.45505617977528096,0,0.5,0.0,0.6057692307692307,0.31995417037407214,0.0
0.08764044943820225,1,0.5,0.0,0.0,0.44184147337371865,0.0
0.7471910112359551,0,0.5,0.0,0.5673076923076923,1.0,0.0
0.2719101123595506,0,0.5,0.0,0.5096153846153846,0.15997708518703607,0.0
0.9426966292134832,1,0.0,0.0,0.5288461538461539,0.4525066123861877,0.5
0.9303370786516855,1,1.0,0.0,0.5288461538461539,0.11807832478090757,1.0
0.7921348314606742,0,0.5,0.0,0.7019230769230769,0.3961337347488512,0.0
0.4685393258426967,1,0.5,1.0,0.2980769230769231,0.1980668673744256,0.0
0.3112359550561798,0,0.5,0.0,0.4903846153846155,0.0,0.0
0.24382022471910114,0,0.5,0.0,0.7596153846153846,0.411369647623807,0.0
0.8550561797752809,0,1.0,0.0,0.7403846153846154,0.10855587923406018,0.0
0.6,0,1.0,1.0,0.5288461538461539,0.13198109527930474,0.0
0.6876404494382022,1,1.0,1.0,0.5288461538461539,0.23615664956181515,1.0
0.09101123595505618,1,1.0,0.0,0.5096153846153846,0.14474117231208025,0.0
0.30561797752808995,1,0.5,1.0,0.7403846153846154,0.29710030106163837,0.0
0.15842696629213485,1,1.0,1.0,0.37500000000000006,0.11807832478090757,0.0
0.9393258426966292,0,1.0,0.0,0.3557692307692308,0.13198109527930474,0.0
0.23932584269662924,0,0.5,0.0,0.5288461538461539,0.1980668673744256,0.0
0.010112359550561799,1,0.5,1.0,0.2211538461538462,0.4581560888802213,0.5
0.9573033707865168,0,1.0,1.0,0.125,0.23228368050900136,0.5
0.41460674157303373,1,0.0,1.0,0.4134615384615385,1.0,0.5
0.7966292134831461,1,1.0,0.0,0.5288461538461539,0.23228368050900136,0.5
0.4359550561797753,0,1.0,0.0,0.4903846153846155,0.11776141779310847,1.0
0.35955056179775285,0,1.0,0.0,0.37500000000000006,0.11046036834342966,0.0
0.18764044943820227,0,1.0,1.0,0.8173076923076923,0.42508196921126723,0.0
0.8202247191011236,1,0.0,1.0,0.5096153846153846,1.0,0.0
0.9876404494382023,1,0.0,1.0,1.0,1.0,0.5
0.15955056179775284,1,1.0,1.0,0.4134615384615385,0.24148921906804965,0.0
0.17415730337078655,0,0.0,0.0,0.9326923076923077,0.935168143534488,0.5
0.6112359550561798,0,0.0,0.0,0.9134615384615384,1.0,0.5
0.601123595505618,1,0.5,1.0,0.08653846153846156,0.39994271296759015,0.0
0.06404494382022471,0,1.0,0.0,0.4903846153846155,0.11014346135563058,0.5
0.8112359550561798,0,0.5,0.0,0.6057692307692307,0.1980668673744256,0.0
0.38089887640449444,0,0.0,0.0,0.8173076923076923,0.5408749070609314,0.0
0.2415730337078652,1,0.0,1.0,0.548076923076923,1.0,0.5
0.6438202247191012,1,1.0,1.0,0.5288461538461539,0.11807832478090757,1.0
0.7573033707865169,0,0.5,0.0,0.5288461538461539,0.0,0.0
0.002247191011235955,1,1.0,1.0,0.4519230769230769,0.12074460953402483,0.0
0.5022471910112359,1,0.0,0.0,0.6057692307692307,0.40451348683007693,0.0
0.38426966292134834,0,0.5,0.0,0.4903846153846155,0.1980668673744256,0.0
0.5078651685393258,0,0.0,0.0,0.5288461538461539,0.42279658228002387,0.5
0.6157303370786517,0,1.0,0.0,0.5865384615384616,0.31271711175846806,0.0
0.30898876404494385,1,0.0,1.0,1.0,1.0,0.0
0.5606741573033708,0,1.0,0.0,0.4134615384615385,0.11877612959058054,0.0
0.9415730337078652,1,1.0,0.0,0.5673076923076923,0.8607650866009288,0.0
0.9921348314606742,0,0.5,0.0,0.4903846153846155,0.15997708518703607,0.0
0.022471910112359553,0,0.5,0.0,0.625,0.3961337347488512,0.0
0.7224719101123596,1,1.0,0.0,0.5288461538461539,0.8607650866009288,0.0
0.30898876404494385,1,0.0,1.0,1.0,1.0,0.0
0.7292134831460675,1,1.0,0.0,0.3942307692307693,0.1150311422059164,0.0
0.37865168539325844,1,0.0,1.0,0.7403846153846154,1.0,0.5
0.798876404494382,0,0.0,0.0,0.5288461538461539,0.40451348683007693,0.0
0.19213483146067417,0,1.0,0.0,0.028846153846153848,0.4437459624830881,1.0
0.4269662921348315,1,1.0,0.0,0.7596153846153846,1.0,0.0
0.7539325842696629,0,0.0,0.0,0.548076923076923,0.7922674694977024,0.0
1.0000000000000002,0,1.0,0.0,0.5673076923076923,0.11807832478090757,1.0
0.8337078651685393,1,1.0,0.0,0.3557692307692308,1.0,0.0
0.802247191011236,0,0.5,0.0,0.9519230769230769,0.1980668673744256,0.0
0.6707865168539326,0,1.0,0.0,0.8942307692307693,0.0,0.0
0.8831460674157303,1,1.0,1.0,0.2980769230769231,0.1142053557280938,0.0
0.1404494382022472,1,1.0,0.0,0.1826923076923077,0.17127756176639078,0.0
0.11235955056179776,0,1.0,1.0,0.4903846153846155,0.12029972087807612,0.0
0.8707865168539326,0,1.0,0.0,0.2980769230769231,0.11807832478090757,0.0
0.547191011235955,0,0.0,0.0,1.0,0.4525066123861877,0.5
0.3617977528089888,1,0.5,1.0,0.5288461538461539,0.18816352400570432,1.0
0.5640449438202247,0,1.0,1.0,0.5288461538461539,0.1162378265056129,1.0
0.8258426966292135,0,1.0,0.0,0.4903846153846155,0.24529819728678864,0.0
0.9853932584269663,0,1.0,0.0,0.31730769230769235,0.12029972087807612,0.0
0.17528089887640452,1,1.0,1.0,0.25961538461538464,0.1178238850358958,1.0
0.04719101123595506,0,1.0,0.0,0.4903846153846155,0.12029972087807612,0.5
0.6022471910112359,0,0.0,0.0,0.8173076923076923,0.40451348683007693,0.0
0.5179775280898876,0,1.0,0.0,0.6057692307692307,0.12264909864339432,0.0
0.952808988764045,0,0.5,0.0,0.4903846153846155,0.5027851248735419,0.0
0.7629213483146068,1,0.0,0.0,0.6442307692307692,1.0,0.5
0.6325842696629214,0,1.0,0.0,0.5288461538461539,0.12264909864339432,0.0
0.7314606741573034,1,0.5,1.0,0.2980769230769231,0.35042599612398373,0.0
0.9146067415730338,0,1.0,0.0,0.5288461538461539,0.12264909864339432,0.0
0.7000000000000001,0,1.0,0.0,0.3557692307692308,0.11966590690247796,0.0
0.14719101123595507,0,1.0,0.0,0.33653846153846156,0.10741318576843849,0.0
0.4370786516853933,1,0.5,1.0,0.27884615384615385,0.1828309544994698,0.5
0.5123595505617977,0,0.0,0.0,1.0,0.40451348683007693,0.0
0.6595505617977528,1,0.0,0.0,1.0,1.0,0.5
0.647191011235955,1,0.5,1.0,0.6057692307692307,0.1980668673744256,0.0
0.02808988764044944,1,1.0,1.0,0.6826923076923077,0.47821721536267564,0.0
0.7561797752808989,1,0.5,0.0,0.548076923076923,0.1980668673744256,0.0
0.6584269662921348,0,0.5,0.0,0.8557692307692307,0.22853869312433722,0.0
0.34831460674157305,1,0.0,1.0,0.4134615384615385,1.0,0.5
0.5438202247191011,1,0.0,0.0,0.4326923076923077,1.0,0.5
0.7943820224719101,1,0.0,0.0,0.7596153846153846,0.400514059700401,0.0
0.09775280898876405,0,1.0,0.0,0.4903846153846155,0.12264909864339432,0.0
0.2685393258426967,0,0.5,0.0,0.5865384615384616,0.18702083054008264,0.0
0.33595505617977534,1,0.0,1.0,0.9134615384615384,1.0,0.5
0.40449438202247195,0,1.0,0.0,0.7211538461538461,0.42508196921126723,0.0
0.9337078651685393,1,0.5,0.0,0.0,0.2856733664054215,0.0
0.13483146067415733,0,0.5,0.0,0.3557692307692308,1.0,0.0
0.4629213483146068,1,0.0,1.0,0.5865384615384616,1.0,1.0
0.5393258426966292,0,1.0,0.0,0.125,0.7145643138354277,0.0
0.36292134831460676,1,0.5,1.0,0.37500000000000006,0.44184147337371865,0.0
0.9483146067415731,0,1.0,0.0,0.27884615384615385,0.13198109527930474,0.0
0.8966292134831461,0,1.0,0.0,0.5288461538461539,0.11014346135563058,0.5
0.7595505617977528,0,1.0,0.0,0.4134615384615385,0.12264909864339432,0.0
0.451685393258427,0,1.0,1.0,0.3557692307692308,0.14969284399644087,0.0
0.5932584269662922,0,1.0,0.0,0.7019230769230769,0.12074460953402483,0.0
0.2988764044943821,0,1.0,0.0,0.25961538461538464,0.6046752922248089,0.0
0.8101123595505618,0,1.0,0.0,0.27884615384615385,0.10747717660251331,0.0
0.8887640449438202,0,0.5,0.0,0.25961538461538464,0.3961337347488512,0.0
0.3561797752808989,0,0.5,0.0,0.9903846153846154,0.2133027802493814,0.0
0.39887640449438205,0,1.0,0.0,0.4903846153846155,0.14474117231208025,0.0
0.6348314606741573,0,1.0,0.0,0.4134615384615385,0.36794729593018294,0.0
0.03483146067415731,1,0.0,1.0,0.4903846153846155,1.0,0.5
0.5438202247191011,1,0.0,0.0,0.4326923076923077,1.0,0.5
0.6595505617977528,1,0.0,0.0,1.0,1.0,0.5
0.5696629213483146,1,0.0,0.0,0.5288461538461539,0.40451348683007693,0.0
0.8573033707865169,1,0.0,1.0,0.6442307692307692,1.0,0.0
0.8730337078651685,1,1.0,1.0,0.04807692307692308,0.1900680131150738,0.0
0.7741573033707866,1,1.0,0.0,0.24038461538461542,1.0,0.0
0.9629213483146067,1,0.0,0.0,0.9326923076923077,0.40451348683007693,0.0
0.6123595505617978,0,0.0,0.0,1.0,0.3961337347488512,0.0
0.8404494382022473,0,0.0,0.0,0.31730769230769235,0.8090269736601539,0.0
0.13707865168539327,0,0.5,0.0,0.5673076923076923,0.4581560888802213,0.5
0.9314606741573034,1,0.0,1.0,1.0,1.0,0.0
0.37977528089887647,1,1.0,0.0,0.8173076923076923,0.12264909864339432,0.0
0.5865168539325842,0,1.0,0.0,0.5288461538461539,0.11007947052155576,0.5
0.42247191011235957,1,1.0,1.0,0.37500000000000006,0.11046036834342966,0.0
0.6550561797752809,0,0.0,0.0,0.6442307692307692,0.6113410041076021,0.5
0.12247191011235956,1,1.0,1.0,0.4903846153846155,0.36794729593018294,1.0
0.07865168539325842,0,0.5,0.0,0.5673076923076923,0.15997708518703607,0.0
0.06067415730337079,0,0.0,0.0,1.0,0.9443096912594614,0.5
0.601123595505618,1,0.5,1.0,0.08653846153846156,0.39994271296759015,0.0
0.2314606741573034,0,1.0,0.0,0.5673076923076923,0.24148921906804965,0.0
0.10449438202247191,0,1.0,0.0,0.4519230769230769,0.3134789074022159,0.0
0.42247191011235957,1,1.0,1.0,0.37500000000000006,0.11046036834342966,0.0
0.3078651685393259,1,1.0,1.0,0.4903846153846155,0.11807832478090757,1.0
0.9820224719101124,1,0.5,1.0,0.4903846153846155,0.3656619089989396,0.5
0.752808988764045,1,0.5,1.0,0.7211538461538461,0.5942006021232767,0.0
0.5853932584269663,0,1.0,0.0,0.37500000000000006,0.12029972087807612,0.0
0.7303370786516854,0,1.0,0.0,0.5288461538461539,0.12029972087807612,0.0
0.006741573033707865,0,0.0,0.0,0.9903846153846154,0.790172531477396,0.0
0.15280898876404497,1,0.0,1.0,0.31730769230769235,0.40045006886632617,0.0
0.2932584269662922,1,1.0,0.0,0.009615384615384616,0.47821721536267564,0.0
0.7752808988764045,1,0.0,0.0,0.548076923076923,0.8684470338724815,0.0
0.41348314606741576,1,1.0,1.0,0.4903846153846155,0.11807832478090757,1.0
0.36516853932584276,1,0.0,1.0,0.6442307692307692,1.0,0.5
0.47078651685393264,0,1.0,1.0,0.14423076923076925,0.36794729593018294,0.0
0.902247191011236,1,1.0,0.0,0.0,0.1297596991821362,0.5
0.11123595505617978,0,0.5,0.0,0.6057692307692307,0.3961337347488512,0.0
0.11685393258426967,0,1.0,0.0,0.6634615384615384,0.12074460953402483,0.0
0.7966292134831461,1,1.0,0.0,0.5288461538461539,0.23228368050900136,0.5
0.1865168539325843,1,1.0,0.0,0.4903846153846155,0.8379752081225699,0.0
0.6662921348314607,0,1.0,1.0,0.5288461538461539,0.11807832478090757,1.0
0.17303370786516856,0,1.0,0.0,0.4903846153846155,0.1114126128981144,0.0
0.28539325842696633,0,1.0,1.0,0.7403846153846154,0.3079558889850444,0.0
0.9696629213483147,0,1.0,1.0,0.5288461538461539,1.0,0.0
0.30561797752808995,1,0.5,1.0,0.7403846153846154,0.29710030106163837,0.0
0.7764044943820225,1,1.0,0.0,0.028846153846153848,0.2044156722694197,0.0
0.9438202247191012,0,1.0,0.0,0.33653846153846156,0.12074460953402483,0.0
0.450561797752809,0,1.0,0.0,0.4519230769230769,0.12264909864339432,0.0
0.33932584269662924,0,1.0,0.0,0.31730769230769235,0.0,0.0
0.025842696629213485,1,0.0,0.0,0.4903846153846155,0.5408749070609314,0.0
0.9370786516853933,0,1.0,0.0,0.2980769230769231,0.12645807686213328,0.0
0.04382022471910113,1,1.0,1.0,0.2211538461538462,0.17127756176639078,0.5
0.4303370786516854,1,0.0,1.0,0.625,0.7922674694977024,0.0
0.7449438202247192,0,1.0,0.0,0.6442307692307692,0.1142053557280938,0.0
0.12359550561797754,0,0.0,0.0,0.8557692307692307,0.7922674694977024,0.0
0.5516853932584269,0,1.0,0.0,0.3557692307692308,0.11046036834342966,0.0
0.12471910112359551,0,1.0,1.0,0.2211538461538462,0.22022293187718633,0.5
0.8213483146067416,0,1.0,0.0,0.1634615384615385,0.2862447131382324,0.5
0.02921348314606742,0,1.0,0.0,0.4903846153846155,0.11007947052155576,0.5
0.09101123595505618,1,1.0,0.0,0.5096153846153846,0.14474117231208025,0.0
0.9842696629213483,0,1.0,0.0,0.33653846153846156,0.15000975098423996,0.0
0.16404494382022475,1,1.0,0.0,0.4711538461538462,0.11877612959058054,0.0
0.9101123595505618,0,1.0,0.0,0.4519230769230769,0.120173262801214,0.0
0.010112359550561799,1,0.5,1.0,0.2211538461538462,0.4581560888802213,0.5
0.37865168539325844,1,0.0,1.0,0.7403846153846154,1.0,0.5
0.32022471910112366,0,1.0,0.0,0.5865384615384616,0.13198109527930474,0.5
0.43483146067415734,1,0.5,1.0,0.6442307692307692,0.1980668673744256,0.0
0.6539325842696629,0,0.5,0.0,0.9903846153846154,0.3961337347488512,0.0
0.4876404494382023,0,0.0,0.0,0.9134615384615384,0.85168752971003,0.0
0.7033707865168539,0,0.5,0.0,1.0,0.18816352400570432,1.0
0.8292134831460675,0,1.0,0.0,0.5288461538461539,0.12029972087807612,0.0
0.28876404494382024,1,0.0,1.0,0.5288461538461539,1.0,0.0
0.9651685393258428,0,1.0,0.0,0.5288461538461539,0.11014346135563058,0.5
0.8044943820224719,1,0.0,1.0,0.6826923076923077,1.0,0.5
0.3910112359550562,1,1.0,0.0,0.009615384615384616,0.24225101471179747,0.0
0.8314606741573034,1,0.0,0.0,0.5288461538461539,0.45707738624867444,0.0
0.8,1,0.0,0.0,0.875,0.7922674694977024,0.0
0.6797752808988764,0,1.0,0.0,0.6442307692307692,0.23691844520556293,0.0
0.0056179775280898875,0,1.0,0.0,0.4903846153846155,0.12886992187023877,1.0
0.014606741573033709,0,1.0,0.0,0.7019230769230769,0.4765031751642431,0.0
0.7831460674157303,1,1.0,1.0,0.5288461538461539,0.1178238850358958,1.0
0.9584269662921349,1,1.0,0.0,0.25961538461538464,0.6002949672732592,0.0
0.8202247191011236,1,0.0,1.0,0.5096153846153846,1.0,0.0
0.5359550561797752,0,1.0,0.0,0.5096153846153846,0.10734919493436368,0.0
0.6202247191011236,0,1.0,0.0,0.5288461538461539,0.11928500908060408,1.0
0.9707865168539326,0,0.5,0.0,0.4134615384615385,0.1980668673744256,0.0
0.549438202247191,1,1.0,0.0,0.125,0.24225101471179747,0.0
0.39550561797752815,0,1.0,0.0,0.24038461538461542,0.11014346135563058,0.5
0.5415730337078651,0,1.0,0.0,0.9134615384615384,0.12264909864339432,0.0
0.9561797752808989,0,1.0,0.0,1.0,0.11845922260278147,0.0
0.850561797752809,0,0.5,0.0,0.2980769230769231,0.17521299806199186,0.0
0.47528089887640457,0,1.0,1.0,0.4903846153846155,0.21939714539936375,0.0
0.6213483146067416,1,1.0,0.0,0.37500000000000006,0.11007947052155576,0.5
0.7191011235955056,0,1.0,0.0,0.33653846153846156,0.11966590690247796,0.0
0.9460674157303371,1,0.0,1.0,0.5288461538461539,0.4723132991236303,0.5
0.9382022471910113,1,0.0,1.0,0.7019230769230769,1.0,0.5
0.5438202247191011,1,0.0,0.0,0.4326923076923077,1.0,0.5
0.5898876404494382,0,1.0,0.0,0.7211538461538461,0.11807832478090757,1.0
0.025842696629213485,1,0.0,0.0,0.4903846153846155,0.5408749070609314,0.0
0.6685393258426966,0,1.0,0.0,0.6442307692307692,0.36794729593018294,0.0
0.9415730337078652,1,1.0,0.0,0.5673076923076923,0.8607650866009288,0.0
0.6764044943820224,0,0.0,0.0,0.5288461538461539,0.6460027058981266,0.0
0.16966292134831462,1,0.0,1.0,0.37500000000000006,1.0,0.0
0.8157303370786517,1,0.5,1.0,0.5288461538461539,0.31995417037407214,0.0
0.05168539325842697,0,1.0,0.0,0.4903846153846155,0.23615664956181515,1.0
0.6595505617977528,1,0.0,0.0,1.0,1.0,0.5
0.9044943820224719,0,1.0,0.0,0.548076923076923,0.11845922260278147,0.0
0.7134831460674157,1,0.5,1.0,0.4903846153846155,0.1980668673744256,0.0
0.8438202247191011,1,1.0,0.0,0.06730769230769232,0.1900680131150738,0.0
0.1820224719101124,0,1.0,0.0,0.4519230769230769,0.11845922260278147,0.0
0.6134831460674157,1,0.5,1.0,0.31730769230769235,0.3961337347488512,0.0
0.10561797752808989,0,1.0,0.0,1.0,0.11046036834342966,0.0
0.7606741573033708,1,1.0,1.0,0.2980769230769231,0.14994728374145264,0.0
0.39325842696629215,0,1.0,0.0,0.3942307692307693,0.1405512962714674,0.0
0.201123595505618,0,1.0,0.0,0.6442307692307692,0.0,0.0
0.5168539325842697,1,1.0,0.0,0.875,0.40451348683007693,0.0
0.5292134831460674,0,1.0,0.0,0.6826923076923077,0.13198109527930474,0.0
0.13033707865168542,0,1.0,0.0,1.0,0.11807832478090757,1.0
0.7314606741573034,1,0.5,1.0,0.2980769230769231,0.35042599612398373,0.0
0.8752808988764045,1,0.0,1.0,0.7788461538461539,1.0,0.0
0.7235955056179776,1,1.0,1.0,0.0,0.29341778091976156,0.5
0.9662921348314607,0,1.0,0.0,0.7403846153846154,0.21495282961373913,0.0
0.7808988764044944,0,0.5,0.0,0.9519230769230769,0.2056848238119035,0.0
0.803370786516854,0,1.0,0.0,0.31730769230769235,0.11655473349341199,0.0
0.9325842696629214,1,1.0,0.0,0.24038461538461542,0.22022293187718633,0.0
0.6370786516853932,0,1.0,1.0,0.5096153846153846,0.32109686383969377,0.0
0.5730337078651685,1,1.0,0.0,0.5096153846153846,0.11807832478090757,1.0
0.8202247191011236,1,0.0,1.0,0.5096153846153846,1.0,0.0
0.5382022471910113,1,1.0,1.0,0.0,0.18721127945101956,0.0
0.7056179775280899,0,1.0,0.0,0.4519230769230769,0.12029972087807612,0.0
0.7247191011235955,1,0.0,0.0,0.875,1.0,0.5
0.8606741573033708,0,0.0,0.0,0.5288461538461539,0.6033421498482503,0.5
0.11348314606741573,0,1.0,0.0,0.4903846153846155,0.12029972087807612,0.0
0.8325842696629214,0,0.0,0.0,0.6442307692307692,1.0,0.0
0.16179775280898878,0,0.5,0.0,0.2980769230769231,0.17521299806199186,0.0
0.6528089887640449,1,0.0,1.0,0.7019230769230769,1.0,0.5
0.15955056179775284,1,1.0,1.0,0.4134615384615385,0.24148921906804965,0.0
0.09438202247191012,1,0.5,1.0,0.27884615384615385,0.15997708518703607,0.0
0.5213483146067416,0,1.0,0.0,0.5288461538461539,0.12264909864339432,0.0
0.550561797752809,0,1.0,0.0,0.5288461538461539,0.3042109016003803,0.0
0.30898876404494385,1,0.0,1.0,1.0,1.0,0.0
0.7606741573033708,1,1.0,1.0,0.2980769230769231,0.14994728374145264,0.0
0.3168539325842697,0,1.0,0.0,0.25961538461538464,0.14474117231208025,0.0
0.9775280898876405,0,1.0,0.0,0.4519230769230769,0.12029972087807612,0.0
0.5629213483146067,0,1.0,1.0,0.3557692307692308,0.11807832478090757,1.0
0.18876404494382024,0,0.0,0.0,0.4903846153846155,0.39499104128322954,0.0
0.7370786516853933,0,1.0,0.0,0.5288461538461539,0.12029972087807612,0.0
0.9617977528089888,1,0.0,1.0,0.8173076923076923,1.0,0.0
0.3134831460674158,1,1.0,1.0,0.625,0.30852723571785523,0.0
0.8741573033707866,0,1.0,0.0,0.5288461538461539,0.11788787586997061,1.0
0.5044943820224719,1,0.0,0.0,0.9519230769230769,0.46469534268615237,0.0
0.41348314606741576,1,1.0,1.0,0.4903846153846155,0.11807832478090757,1.0
0.47640449438202254,0,1.0,0.0,0.2980769230769231,0.3079558889850444,0.0
0.6887640449438203,0,1.0,0.0,0.5288461538461539,0.11807832478090757,1.0
0.9898876404494382,0,1.0,0.0,0.5865384615384616,0.12029972087807612,0.0
0.6168539325842697,1,0.5,0.0,0.10576923076923078,0.5599197981546262,0.0
0.011235955056179777,1,1.0,0.0,0.028846153846153848,0.2544397450117621,0.0
0.2359550561797753,0,1.0,0.0,0.4134615384615385,0.10741318576843849,0.0
0.3887640449438203,1,0.5,1.0,0.7211538461538461,0.1980668673744256,0.0
0.4786516853932585,1,0.5,1.0,0.4903846153846155,0.3961337347488512,0.0
0.8044943820224719,1,0.0,1.0,0.6826923076923077,1.0,0.5
0.8898876404494382,0,1.0,1.0,0.5288461538461539,1.0,0.0
0.3134831460674158,1,1.0,1.0,0.625,0.30852723571785523,0.0
0.1101123595505618,1,0.5,1.0,0.6057692307692307,0.35042599612398373,0.0
0.05730337078651686,0,1.0,0.0,0.3557692307692308,0.11884012042465536,0.0
0.28202247191011237,0,1.0,1.0,0.5096153846153846,0.15940573845422523,0.0
0.4561797752808989,0,1.0,0.0,0.9326923076923077,0.11807832478090757,0.0
0.5617977528089888,0,1.0,0.0,0.27884615384615385,0.13198109527930474,0.0
0.9640449438202248,1,1.0,1.0,0.4134615384615385,0.29341778091976156,0.5
0.549438202247191,1,1.0,0.0,0.125,0.24225101471179747,0.0
0.6089887640449438,0,1.0,1.0,0.1634615384615385,0.4765031751642431,0.0
0.49438202247191015,1,0.5,1.0,0.8173076923076923,0.39994271296759015,0.0
0.7044943820224719,1,0.0,1.0,0.3557692307692308,1.0,0.0
0.19325842696629217,1,1.0,1.0,0.0,0.1696259888107456,0.0
0.8775280898876405,1,1.0,0.0,0.27884615384615385,0.8684470338724815,0.0
0.4977528089887641,1,1.0,0.0,0.4903846153846155,0.1980668673744256,0.0
0.6393258426966292,1,1.0,0.0,0.5673076923076923,0.11966590690247796,0.0
0.12134831460674157,0,1.0,0.0,0.6826923076923077,0.12029972087807612,0.0
0.5988764044943821,1,1.0,1.0,0.5288461538461539,0.3406491108321246,0.5
0.6741573033707865,1,0.5,1.0,0.4134615384615385,0.411369647623807,0.0
0.7168539325842697,0,1.0,1.0,0.7403846153846154,0.6046752922248089,0.0
0.4662921348314607,0,1.0,1.0,0.4903846153846155,0.12264909864339432,0.0
0.41460674157303373,1,0.0,1.0,0.4134615384615385,1.0,0.5
0.5707865168539326,0,1.0,0.0,0.4903846153846155,0.3431889375083797,0.0
0.9943820224719101,0,1.0,1.0,0.7019230769230769,0.4437459624830881,1.0
0.4056179775280899,0,0.5,0.0,0.5096153846153846,0.42235169362407515,0.5
0.4325842696629214,0,0.5,0.0,0.2980769230769231,1.0,0.0
0.7887640449438202,0,1.0,1.0,0.2980769230769231,0.22022293187718633,0.5
0.9247191011235956,1,1.0,1.0,0.4711538461538462,0.1900680131150738,0.0
0.5595505617977529,0,0.0,1.0,0.4326923076923077,1.0,0.0
0.6606741573033708,0,1.0,0.0,0.37500000000000006,0.12264909864339432,0.0
0.5146067415730337,1,1.0,0.0,0.9134615384615384,0.15997708518703607,0.0
0.30000000000000004,1,1.0,0.0,0.4326923076923077,0.11845922260278147,0.0
0.45842696629213486,0,1.0,0.0,0.3557692307692308,0.11845922260278147,0.0
0.7224719101123596,1,1.0,0.0,0.5288461538461539,0.8607650866009288,0.0
0.3494382022471911,1,1.0,0.0,0.2980769230769231,1.0,0.0
0.12921348314606743,0,1.0,0.0,0.3557692307692308,0.12074460953402483,0.0
0.16516853932584272,0,1.0,1.0,0.125,0.5237345050766061,0.0
0.06741573033707865,0,1.0,0.0,0.37500000000000006,0.11014346135563058,0.5
0.5112359550561798,1,1.0,0.0,0.5096153846153846,0.12029972087807612,0.5
0.47415730337078654,0,1.0,0.0,0.5096153846153846,0.11998281389027704,0.0
0.3730337078651686,0,0.0,0.0,0.6826923076923077,1.0,0.0
0.852808988764045,1,1.0,0.0,0.5865384615384616,1.0,0.0
0.3876404494382023,1,0.5,1.0,0.4134615384615385,0.1980668673744256,0.0
0.7831460674157303,1,1.0,1.0,0.5288461538461539,0.1178238850358958,1.0
0.1359550561797753,0,1.0,0.0,0.4903846153846155,0.12264909864339432,0.0
0.14831460674157307,0,1.0,1.0,0.8557692307692307,0.22092073668685933,0.0
0.651685393258427,1,1.0,0.0,0.4326923076923077,0.45707738624867444,0.0
0.1460674157303371,0,1.0,0.0,0.5865384615384616,0.12029972087807612,0.5
0.16966292134831462,1,0.0,1.0,0.37500000000000006,1.0,0.0
0.9584269662921349,1,1.0,0.0,0.25961538461538464,0.6002949672732592,0.0
0.6224719101123596,1,1.0,1.0,0.37500000000000006,0.11845922260278147,0.0
0.4685393258426967,1,0.5,1.0,0.2980769230769231,0.1980668673744256,0.0
0.7842696629213484,0,0.0,0.0,0.8942307692307693,1.0,0.5
0.9595505617977529,0,0.5,1.0,0.7980769230769231,0.3961337347488512,0.0
0.6494382022471911,0,1.0,1.0,0.5288461538461539,0.22028539911997366,0.5
0.8044943820224719,1,0.0,1.0,0.6826923076923077,1.0,0.5
0.01348314606741573,0,1.0,0.0,0.33653846153846156,0.12264909864339432,0.0
0.5651685393258427,0,1.0,1.0,0.6634615384615384,0.14607431468863888,0.0
0.3573033707865169,1,1.0,0.0,0.548076923076923,1.0,0.0
0.17865168539325846,0,1.0,0.0,0.4903846153846155,1.0,0.0
0.16853932584269665,0,0.5,0.0,0.9326923076923077,0.19082980875882158,0.0
0.9460674157303371,1,0.0,1.0,0.5288461538461539,0.4723132991236303,0.5
0.5842696629213483,1,0.0,1.0,0.5288461538461539,1.0,0.0
0.5775280898876405,0,1.0,0.0,0.4134615384615385,0.1142053557280938,0.0
0.9179775280898876,0,0.5,0.0,0.548076923076923,0.56379276720744,0.5
0.7044943820224719,1,0.0,1.0,0.3557692307692308,1.0,0.0
0.9887640449438203,1,1.0,0.0,0.4326923076923077,0.3961337347488512,0.0
0.5224719101123595,0,1.0,0.0,0.6826923076923077,0.10741318576843849,0.0
0.8775280898876405,1,1.0,0.0,0.27884615384615385,0.8684470338724815,0.0
0.4898876404494383,0,1.0,1.0,0.3557692307692308,0.5237345050766061,0.0
0.23370786516853936,1,1.0,1.0,0.25961538461538464,0.11807832478090757,1.0
0.44044943820224725,0,1.0,0.0,0.4903846153846155,0.12074460953402483,0.0
0.7786516853932585,0,1.0,0.0,0.4326923076923077,0.11007947052155576,0.5
0.250561797752809,0,1.0,0.0,0.4903846153846155,0.12029972087807612,0.0
0.34494382022471914,1,1.0,0.0,0.27884615384615385,1.0,0.0
0.7853932584269663,0,1.0,0.0,0.7596153846153846,0.11655473349341199,0.0
0.4674157303370787,1,0.5,1.0,0.6057692307692307,0.495167168436064,0.0
0.19887640449438204,0,0.0,1.0,0.9134615384615384,0.4374611484221688,0.5
0.8337078651685393,1,1.0,0.0,0.3557692307692308,1.0,0.0
0.9202247191011236,0,1.0,0.0,0.14423076923076925,0.42508196921126723,0.0
0.45955056179775283,0,1.0,1.0,0.4903846153846155,0.3880084224126373,0.0
0.8797752808988765,0,1.0,0.0,0.5288461538461539,0.35728215691771387,0.0
0.5280898876404494,0,1.0,0.0,0.5288461538461539,0.11046036834342966,0.0
0.5269662921348315,1,1.0,1.0,0.0,0.29341778091976156,0.5
0.020224719101123598,0,1.0,1.0,0.548076923076923,0.27424643174920466,0.0
0.8842696629213483,0,1.0,0.0,0.10576923076923078,0.4437459624830881,1.0
0.351685393258427,0,1.0,0.0,0.4903846153846155,0.12029972087807612,0.0
0.6426966292134831,1,0.0,0.0,0.6442307692307692,0.40203765098789657,0.0
0.6865168539325843,0,1.0,0.0,0.5288461538461539,0.10741318576843849,0.0
0.14494382022471913,0,1.0,0.0,0.8173076923076923,0.10627049230281681,0.0
0.7179775280898877,0,1.0,0.0,0.5288461538461539,0.24529819728678864,0.0
0.31797752808988766,1,1.0,0.0,0.31730769230769235,0.12264909864339432,0.0
0.15842696629213485,1,1.0,1.0,0.37500000000000006,0.11807832478090757,0.0
0.3707865168539326,1,1.0,1.0,0.4903846153846155,0.3542349743427227,1.0
0.04943820224719102,1,1.0,1.0,0.31730769230769235,0.12004680472435186,1.0
0.44382022471910115,0,1.0,0.0,0.37500000000000006,0.11877612959058054,0.0
0.7707865168539326,0,1.0,0.0,0.2211538461538462,0.6046752922248089,0.0
0.38651685393258434,0,0.5,0.0,0.6442307692307692,0.1980668673744256,0.0
0.8157303370786517,1,0.5,1.0,0.5288461538461539,0.31995417037407214,0.0
0.7044943820224719,1,0.0,1.0,0.3557692307692308,1.0,0.0
0.549438202247191,1,1.0,0.0,0.125,0.24225101471179747,0.0
0.4179775280898877,0,1.0,0.0,0.31730769230769235,0.12264909864339432,0.0
0.7134831460674157,1,0.5,1.0,0.4903846153846155,0.1980668673744256,0.0
0.5820224719101124,1,0.5,1.0,0.6442307692307692,0.3961337347488512,0.0
0.8786516853932584,0,0.0,0.0,0.5096153846153846,0.45707738624867444,0.0
0.33595505617977534,1,0.0,1.0,0.9134615384615384,1.0,0.5
0.3101123595505618,0,1.0,1.0,0.8173076923076923,0.11807832478090757,0.0
0.4370786516853933,1,0.5,1.0,0.27884615384615385,0.1828309544994698,0.5
0.9674157303370787,0,0.5,0.0,0.3557692307692308,0.17521299806199186,0.0
0.7101123595505618,1,0.0,0.0,0.5673076923076923,0.46469534268615237,0.5
0.5438202247191011,1,0.0,0.0,0.4326923076923077,1.0,0.5
0.8146067415730337,0,1.0,0.0,0.33653846153846156,0.13198109527930474,0.0
0.16404494382022475,1,1.0,0.0,0.4711538461538462,0.11877612959058054,0.0
0.43483146067415734,1,0.5,1.0,0.6442307692307692,0.1980668673744256,0.0
0.01573033707865169,0,1.0,1.0,0.2211538461538462,0.11966590690247796,0.0
0.7898876404494383,0,1.0,0.0,0.4326923076923077,0.11795186670404544,1.0
0.26741573033707866,0,0.5,0.0,0.31730769230769235,0.15997708518703607,0.0
0.13820224719101126,1,0.5,1.0,0.5673076923076923,0.1980668673744256,0.0
0.6629213483146068,0,1.0,0.0,0.625,0.10855587923406018,0.0
0.6179775280898876,1,0.0,0.0,0.27884615384615385,1.0,0.5
0.40786516853932586,0,1.0,0.0,0.625,0.10741318576843849,0.0
0.604494382022472,0,1.0,0.0,0.5288461538461539,0.22092073668685933,0.0
0.37977528089887647,1,1.0,0.0,0.8173076923076923,0.12264909864339432,0.0
0.9752808988764046,0,1.0,0.0,0.5288461538461539,0.14474117231208025,0.0
0.4382022471910113,1,1.0,0.0,0.6442307692307692,1.0,0.0
0.8235955056179776,0,0.5,0.0,0.3942307692307693,0.1980668673744256,0.0
0.302247191011236,1,0.0,1.0,0.625,1.0,0.0
0.31797752808988766,1,1.0,0.0,0.31730769230769235,0.12264909864339432,0.0
0.41460674157303373,1,0.0,1.0,0.4134615384615385,1.0,0.5
0.9056179775280899,0,0.0,0.0,0.7019230769230769,0.0,0.0
0.647191011235955,1,0.5,1.0,0.6057692307692307,0.1980668673744256,0.0
0.3044943820224719,1,1.0,0.0,0.4326923076923077,0.0,0.0
0.01910112359550562,1,0.5,0.0,0.4903846153846155,0.1980668673744256,0.0
0.32359550561797756,1,0.5,0.0,0.7596153846153846,0.1980668673744256,0.0
0.6168539325842697,1,0.5,0.0,0.10576923076923078,0.5599197981546262,0.0
0.3471910112359551,1,0.0,1.0,0.5288461538461539,0.8673683312409346,0.5
0.8359550561797753,1,1.0,0.0,0.548076923076923,0.12074460953402483,0.0
0.6786516853932585,1,1.0,0.0,0.625,0.40451348683007693,0.0
0.3426966292134832,1,0.0,0.0,0.0,1.0,0.0
0.27977528089887643,0,0.5,0.0,0.9903846153846154,0.3961337347488512,0.0
0.41910112359550566,0,0.0,0.0,0.37500000000000006,1.0,0.5
0.9235955056179775,0,0.0,0.0,0.6826923076923077,0.0,0.0
0.09887640449438202,1,0.0,1.0,0.3942307692307693,1.0,0.0
0.3921348314606742,0,1.0,0.0,0.7596153846153846,0.13198109527930474,0.0
0.9089887640449439,1,0.0,1.0,0.5865384615384616,0.8090269736601539,0.0
0.13932584269662923,0,0.0,0.0,0.9903846153846154,1.0,0.0
0.2561797752808989,0,0.5,0.0,0.2980769230769231,0.1980668673744256,0.0
0.5550561797752809,0,1.0,0.0,0.3557692307692308,0.12264909864339432,0.0
0.6168539325842697,1,0.5,0.0,0.10576923076923078,0.5599197981546262,0.0
0.5303370786516854,1,0.5,1.0,0.5865384615384616,0.42279658228002387,0.0
0.9887640449438203,1,1.0,0.0,0.4326923076923077,0.3961337347488512,0.0
0.8820224719101124,0,1.0,0.0,0.4326923076923077,0.11046036834342966,0.0
0.08426966292134831,0,1.0,0.0,0.4326923076923077,0.11655473349341199,0.0
0.49887640449438203,1,1.0,0.0,0.4903846153846155,0.12360134319807906,0.0
0.2269662921348315,0,1.0,0.0,0.6057692307692307,0.09896944285313798,0.0
0.3887640449438203,1,0.5,1.0,0.7211538461538461,0.1980668673744256,0.0
0.09438202247191012,1,0.5,1.0,0.27884615384615385,0.15997708518703607,0.0
0.7932584269662921,1,0.5,1.0,0.8173076923076923,0.2056848238119035,0.0
0.5674157303370787,0,0.0,0.0,0.2980769230769231,1.0,0.5
0.750561797752809,0,1.0,0.0,0.7788461538461539,0.12264909864339432,0.0
0.4370786516853933,1,0.5,1.0,0.27884615384615385,0.1828309544994698,0.5
0.49438202247191015,1,0.5,1.0,0.8173076923076923,0.39994271296759015,0.0
0.8595505617977528,1,0.0,1.0,0.9326923076923077,1.0,0.0
0.48876404494382025,1,0.0,1.0,0.2211538461538462,1.0,0.0
0.3044943820224719,1,1.0,0.0,0.4326923076923077,0.0,0.0
0.43483146067415734,1,0.5,1.0,0.6442307692307692,0.1980668673744256,0.0
0.0,0,1.0,0.0,0.37500000000000006,0.11046036834342966,0.0
0.7730337078651686,0,1.0,0.0,0.2980769230769231,0.11877612959058054,0.0
0.6674157303370787,0,0.5,0.0,0.6634615384615384,0.3961337347488512,0.0
0.7067415730337079,0,1.0,0.0,0.5288461538461539,0.1178238850358958,1.0
0.5808988764044943,0,1.0,0.0,0.5288461538461539,0.36794729593018294,1.0
0.6168539325842697,1,0.5,0.0,0.10576923076923078,0.5599197981546262,0.0
0.052808988764044947,1,1.0,1.0,0.4903846153846155,0.11807832478090757,1.0
0.32359550561797756,1,0.5,0.0,0.7596153846153846,0.1980668673744256,0.0
0.9797752808988764,0,0.0,0.0,0.5865384615384616,0.07617956437477907,0.0
0.501123595505618,1,0.5,1.0,0.20192307692307693,0.29710030106163837,0.0
0.09213483146067417,1,1.0,1.0,0.4903846153846155,0.1186496715137184,1.0
0.24044943820224723,0,1.0,0.0,0.4903846153846155,0.11807832478090757,1.0
0.2966292134831461,0,1.0,1.0,0.4903846153846155,0.11807832478090757,1.0
0.8269662921348315,0,1.0,1.0,0.875,0.5237345050766061,0.0
0.2112359550561798,0,1.0,0.0,0.7211538461538461,0.23615664956181515,1.0
0.9741573033707865,0,0.0,0.0,0.548076923076923,0.7693496093511939,0.0
0.35393258426966295,1,1.0,1.0,0.4519230769230769,0.11966590690247796,0.0
0.32471910112359553,1,1.0,1.0,0.37500000000000006,0.11807832478090757,1.0
0.7606741573033708,1,1.0,1.0,0.2980769230769231,0.14994728374145264,0.0
0.15730337078651688,0,1.0,1.0,0.4903846153846155,0.23228368050900136,0.5
0.6415730337078652,1,1.0,0.0,0.9711538461538463,0.7843326060724254,0.0
0.3157303370786517,0,1.0,0.0,0.4903846153846155,0.11966590690247796,0.0
0.6719101123595506,0,1.0,0.0,0.5288461538461539,0.11007947052155576,0.5
0.7775280898876404,1,1.0,0.0,0.5288461538461539,0.8607650866009288,0.0
0.5101123595505618,0,1.0,0.0,0.5288461538461539,0.12264909864339432,0.0
0.48539325842696635,1,0.5,1.0,0.7596153846153846,0.3961337347488512,0.0
0.46067415730337086,0,1.0,0.0,0.4903846153846155,0.12029972087807612,0.0
0.1269662921348315,0,1.0,1.0,0.33653846153846156,0.14969284399644087,0.0
0.5370786516853933,0,1.0,0.0,0.37500000000000006,0.1145862535499677,0.0
0.22471910112359553,0,1.0,0.0,0.4903846153846155,0.14474117231208025,0.0
0.5528089887640449,0,0.0,0.0,1.0,0.46469534268615237,0.0
0.9640449438202248,1,1.0,1.0,0.4134615384615385,0.29341778091976156,0.5
0.597752808988764,0,1.0,0.0,0.27884615384615385,0.11014346135563058,0.5
0.24943820224719104,0,1.0,0.0,0.9326923076923077,0.12264909864339432,0.0
0.9123595505617977,0,0.5,0.0,0.625,0.15997708518703607,0.0
0.04943820224719102,1,1.0,1.0,0.31730769230769235,0.12004680472435186,1.0
0.5314606741573034,1,0.5,1.0,0.3942307692307693,0.21012913959752813,0.5
0.7269662921348314,1,1.0,0.0,1.0,0.5408749070609314,0.0
0.906741573033708,0,1.0,1.0,0.2980769230769231,0.11845922260278147,0.0
0.23033707865168543,0,1.0,1.0,0.0,0.15940573845422523,0.0
0.6258426966292135,0,0.0,0.0,0.5288461538461539,1.0,0.5
0.8168539325842696,1,1.0,1.0,0.5288461538461539,0.11788787586997061,1.0
0.2808988764044944,0,1.0,0.0,0.4903846153846155,0.11046036834342966,0.0
0.05617977528089888,0,1.0,0.0,0.08653846153846156,0.6046752922248089,0.0
0.3415730337078652,0,1.0,0.0,0.4903846153846155,0.12264909864339432,0.0
0.503370786516854,1,1.0,0.0,0.04807692307692308,0.29341778091976156,0.0
0.2921348314606742,0,1.0,0.0,0.4903846153846155,0.11807832478090757,1.0
0.4831460674157304,1,0.0,0.0,0.4903846153846155,0.40451348683007693,0.0
0.2977528089887641,0,0.5,0.0,0.6442307692307692,0.15997708518703607,0.0
0.9471910112359551,0,1.0,0.0,0.6057692307692307,0.09808118913252806,0.5
0.8471910112359551,1,0.5,1.0,0.875,0.990334336872128,0.0
0.6943820224719102,1,0.5,1.0,0.028846153846153848,0.5942006021232767,0.0
0.8977528089887641,0,1.0,1.0,0.5288461538461539,0.36794729593018294,0.0
0.1314606741573034,0,0.5,0.0,0.5096153846153846,0.31995417037407214,0.0
0.4415730337078652,1,0.0,1.0,0.3942307692307693,1.0,0.5
0.43146067415730344,0,1.0,0.0,0.4903846153846155,0.12029972087807612,0.0
0.3943820224719102,0,0.0,0.0,0.4903846153846155,0.5332569506234536,0.0
0.37528089887640453,1,0.0,1.0,0.4903846153846155,1.0,0.0
0.22584269662921352,0,1.0,0.0,0.4903846153846155,1.0,0.0
0.5876404494382023,1,1.0,0.0,0.7980769230769231,0.8833660397596382,0.0
0.7966292134831461,1,1.0,0.0,0.5288461538461539,0.23228368050900136,0.5
0.3224719101123596,0,1.0,0.0,0.37500000000000006,0.12029972087807612,0.0
0.08089887640449438,0,0.5,0.0,0.3557692307692308,1.0,0.0
0.18426966292134833,0,1.0,0.0,0.0,0.6046752922248089,0.0
0.9224719101123596,1,1.0,0.0,0.4711538461538462,0.13198109527930474,0.0
0.9910112359550562,0,1.0,1.0,0.37500000000000006,0.16023152493204781,0.0
0.46516853932584273,1,1.0,0.0,0.7980769230769231,0.12074460953402483,0.0
0.8865168539325843,0,0.0,0.0,0.8365384615384616,1.0,0.5
0.8617977528089887,0,1.0,1.0,0.5288461538461539,0.11807832478090757,1.0
0.050561797752808994,0,1.0,0.0,0.4903846153846155,0.12264909864339432,0.0
0.33483146067415737,1,0.0,0.0,0.4903846153846155,0.46469534268615237,0.0
0.8471910112359551,1,0.5,1.0,0.875,0.990334336872128,0.0
0.403370786516854,1,1.0,0.0,0.4903846153846155,0.12004680472435186,0.0
0.9831460674157304,1,1.0,1.0,0.24038461538461542,0.11007947052155576,0.5
0.6775280898876405,0,1.0,0.0,0.7980769230769231,0.12264909864339432,0.0
0.2168539325842697,1,0.5,0.0,0.009615384615384616,0.3961337347488512,0.0
0.7089887640449438,0,1.0,0.0,0.9326923076923077,0.10747717660251331,0.0
0.8348314606741574,0,1.0,0.0,0.4134615384615385,0.24529819728678864,0.0
0.4865168539325843,0,1.0,0.0,0.27884615384615385,0.10855587923406018,0.0
0.5382022471910113,1,1.0,1.0,0.0,0.18721127945101956,0.0
0.6404494382022472,1,0.5,0.0,1.0,0.15997708518703607,0.0
0.8191011235955057,0,1.0,1.0,0.4326923076923077,0.12074460953402483,0.0
0.7325842696629213,0,1.0,0.0,0.3557692307692308,0.12848902404836487,0.0
0.3067415730337079,0,0.0,0.0,0.6634615384615384,0.4525066123861877,0.5
0.03932584269662922,0,0.0,0.0,0.7596153846153846,0.7922674694977024,0.0
0.5426966292134832,1,1.0,1.0,1.0,0.14607431468863888,0.0
0.5044943820224719,1,0.0,0.0,0.9519230769230769,0.46469534268615237,0.0
0.11460674157303372,0,0.0,0.0,0.3557692307692308,1.0,0.0
0.5067415730337078,0,1.0,0.0,0.5288461538461539,0.3042109016003803,0.0
0.12247191011235956,1,1.0,1.0,0.4903846153846155,0.36794729593018294,1.0
0.5191011235955056,0,0.0,0.0,0.8557692307692307,0.5865826456857989,0.0
0.48876404494382025,1,0.0,1.0,0.2211538461538462,1.0,0.0
0.6808988764044944,0,1.0,0.0,0.5288461538461539,0.12029972087807612,0.0
0.7752808988764045,1,0.0,0.0,0.548076923076923,0.8684470338724815,0.0
0.3044943820224719,1,1.0,0.0,0.4326923076923077,0.0,0.0
0.27865168539325846,1,0.0,0.0,0.6634615384615384,0.8007112124130029,0.0
0.9977528089887641,0,1.0,1.0,0.5288461538461539,0.35728215691771387,0.0
0.4629213483146068,1,0.0,1.0,0.5865384615384616,1.0,1.0
0.6415730337078652,1,1.0,0.0,0.9711538461538463,0.7843326060724254,0.0
0.8382022471910112,0,1.0,0.0,0.25961538461538464,0.30852723571785523,0.0
0.7280898876404495,0,1.0,0.0,0.5288461538461539,0.1150311422059164,0.0
0.42247191011235957,1,1.0,1.0,0.37500000000000006,0.11046036834342966,0.0
0.7247191011235955,1,0.0,0.0,0.875,1.0,0.5
0.6955056179775281,0,0.5,0.0,0.4519230769230769,0.15997708518703607,0.0
0.7584269662921348,0,1.0,0.0,0.2980769230769231,0.11845922260278147,0.0
0.13258426966292136,0,0.0,0.0,0.4134615384615385,1.0,0.5
0.21573033707865172,1,1.0,1.0,0.31730769230769235,0.11966590690247796,0.0
0.9134831460674158,0,1.0,1.0,0.06730769230769232,0.4765031751642431,0.0
0.6426966292134831,1,0.0,0.0,0.6442307692307692,0.40203765098789657,0.0
0.19438202247191014,0,1.0,0.0,0.3557692307692308,0.12074460953402483,0.0
0.7674157303370787,0,1.0,0.0,0.2211538461538462,0.7145643138354277,0.0
0.1561797752808989,0,0.0,0.0,0.4134615384615385,1.0,0.5
0.6213483146067416,1,1.0,0.0,0.37500000000000006,0.11007947052155576,0.5
0.6876404494382022,1,1.0,1.0,0.5288461538461539,0.23615664956181515,1.0
0.6640449438202247,1,1.0,0.0,0.9519230769230769,1.0,0.0
0.8337078651685393,1,1.0,0.0,0.3557692307692308,1.0,0.0
0.026966292134831465,0,1.0,1.0,0.10576923076923078,0.32109686383969377,0.0
0.7348314606741573,0,1.0,1.0,0.2980769230769231,0.10284241190595175,1.0
0.16404494382022475,1,1.0,0.0,0.4711538461538462,0.11877612959058054,0.0
0.16404494382022475,1,1.0,0.0,0.4711538461538462,0.11877612959058054,0.0
0.08202247191011236,0,1.0,0.0,0.4519230769230769,0.22022293187718633,0.5
0.28426966292134837,0,1.0,0.0,0.5288461538461539,0.24529819728678864,0.0
0.7662921348314607,0,1.0,0.0,0.33653846153846156,0.1405512962714674,0.0
0.48876404494382025,1,0.0,1.0,0.2211538461538462,1.0,0.0
0.36853932584269666,1,1.0,1.0,0.548076923076923,0.31271711175846806,0.0
0.7820224719101124,0,1.0,0.0,0.7980769230769231,0.12264909864339432,0.0
0.9932584269662922,0,1.0,0.0,0.4326923076923077,0.10741318576843849,0.0
0.4842696629213484,1,1.0,1.0,0.4903846153846155,0.24529819728678864,0.0
0.5314606741573034,1,0.5,1.0,0.3942307692307693,0.21012913959752813,0.5
0.34831460674157305,1,0.0,1.0,0.4134615384615385,1.0,0.5
0.3438202247191012,1,0.0,1.0,0.4903846153846155,1.0,0.5
0.4719101123595506,0,1.0,0.0,0.4903846153846155,0.12029972087807612,0.5
0.6191011235955056,0,0.5,0.0,0.4711538461538462,0.3961337347488512,0.0
0.03370786516853933,0,0.0,0.0,0.7211538461538461,0.42235169362407515,0.5
0.36853932584269666,1,1.0,1.0,0.548076923076923,0.31271711175846806,0.0
0.5943820224719101,0,0.5,0.0,0.3942307692307693,0.17521299806199186,0.0
0.698876404494382,1,1.0,0.0,0.33653846153846156,0.23983916970369196,0.5
0.4067415730337079,0,1.0,1.0,0.8173076923076923,0.22022293187718633,0.5
0.3123595505617978,0,1.0,0.0,0.08653846153846156,0.4437459624830881,1.0
0.1719101123595506,0,1.0,0.0,0.7211538461538461,0.22092073668685933,0.0
0.950561797752809,0,1.0,0.0,0.5288461538461539,1.0,0.0
0.04606741573033708,0,0.5,1.0,0.4711538461538462,0.31995417037407214,0.0
0.6617977528089888,0,1.0,0.0,0.5288461538461539,0.12264909864339432,0.0
0.2056179775280899,1,0.5,0.0,0.0,0.5942006021232767,0.0
0.008988764044943821,1,1.0,0.0,0.4711538461538462,0.1696259888107456,0.0
0.6224719101123596,1,1.0,1.0,0.37500000000000006,0.11845922260278147,0.0
0.3887640449438203,1,0.5,1.0,0.7211538461538461,0.1980668673744256,0.0
0.6303370786516854,0,1.0,0.0,0.7211538461538461,0.12029972087807612,0.0
0.7910112359550562,0,1.0,0.0,0.4519230769230769,0.11966590690247796,0.0
0.5797752808988764,1,0.5,1.0,0.6057692307692307,0.15997708518703607,0.0
0.24269662921348317,1,1.0,0.0,0.4711538461538462,0.12074460953402483,0.0
0.3719101123595506,0,0.0,0.0,0.8365384615384616,0.4342235169362407,0.0
0.5022471910112359,1,0.0,0.0,0.6057692307692307,0.40451348683007693,0.0
0.16292134831460675,0,0.5,0.0,0.31730769230769235,0.5599197981546262,0.0
0.6146067415730337,1,0.5,0.0,0.5288461538461539,0.211207842229075,0.5
0.1258426966292135,0,1.0,0.0,0.37500000000000006,0.12264909864339432,0.0
0.2224719101123596,1,1.0,1.0,0.4903846153846155,0.11807832478090757,1.0
0.5258426966292135,0,1.0,0.0,0.5288461538461539,0.11769742695903367,1.0
0.41460674157303373,1,0.0,1.0,0.4134615384615385,1.0,0.5
0.801123595505618,0,1.0,0.0,0.5096153846153846,0.14448673256706848,0.0
0.26404494382022475,0,1.0,1.0,0.4903846153846155,0.1150311422059164,0.0
0.13370786516853936,0,1.0,1.0,0.0,0.4765031751642431,0.0
0.0011235955056179776,1,0.0,1.0,0.6826923076923077,1.0,0.5
0.5,1,0.0,0.0,0.028846153846153848,1.0,0.0
0.8224719101123595,0,0.5,0.0,0.5288461538461539,0.0,0.0
0.33033707865168543,0,1.0,0.0,0.4134615384615385,0.12029972087807612,0.0
0.5056179775280899,0,0.5,0.0,0.6442307692307692,0.42279658228002387,0.0
0.4337078651685394,0,1.0,0.0,0.0,0.7145643138354277,0.0
0.8910112359550562,0,0.0,0.0,0.5288461538461539,0.4676785344270687,0.5
0.43483146067415734,1,0.5,1.0,0.6442307692307692,0.1980668673744256,0.0
0.2876404494382023,1,0.0,1.0,0.4903846153846155,1.0,0.5
0.19775280898876407,0,1.0,0.0,0.4903846153846155,0.3880084224126373,0.0
0.6224719101123596,1,1.0,1.0,0.37500000000000006,0.11845922260278147,0.0
0.36966292134831463,1,1.0,0.0,0.25961538461538464,0.8833660397596382,0.0
0.9359550561797754,0,1.0,0.0,0.3942307692307693,0.11966590690247796,0.0
0.03146067415730337,1,1.0,1.0,0.4903846153846155,0.12004680472435186,1.0
0.7752808988764045,1,0.0,0.0,0.548076923076923,0.8684470338724815,0.0
0.09213483146067417,1,1.0,1.0,0.4903846153846155,0.1186496715137184,1.0
0.3258426966292135,1,1.0,0.0,0.4519230769230769,1.0,0.0
0.21235955056179778,0,1.0,0.0,0.6442307692307692,0.12029972087807612,0.0
0.1966292134831461,0,1.0,0.0,0.2980769230769231,0.11966590690247796,0.0
0.8674157303370786,0,0.5,1.0,1.0,0.15997708518703607,0.0
0.4382022471910113,1,1.0,0.0,0.6442307692307692,1.0,0.0
0.10786516853932585,0,0.0,0.0,1.0,0.5279883719512939,0.5
0.25842696629213485,1,0.0,1.0,0.625,1.0,0.0
0.31797752808988766,1,1.0,0.0,0.31730769230769235,0.12264909864339432,0.0
0.17977528089887643,0,1.0,0.0,0.7980769230769231,0.24529819728678864,0.0
0.21573033707865172,1,1.0,1.0,0.31730769230769235,0.11966590690247796,0.0
0.6853932584269663,0,1.0,1.0,0.7019230769230769,0.4765031751642431,0.0
0.4932584269662922,0,0.5,0.0,0.548076923076923,0.15997708518703607,0.0
0.20898876404494385,1,1.0,1.0,0.4903846153846155,0.23615664956181515,1.0
0.0898876404494382,0,1.0,0.0,0.37500000000000006,0.13712321587460233,0.0
0.6460674157303371,0,1.0,0.0,0.31730769230769235,0.22092073668685933,0.0
0.35056179775280905,0,0.5,1.0,0.4519230769230769,0.3961337347488512,0.0
0.1764044943820225,0,1.0,0.0,0.5288461538461539,0.12264909864339432,0.0
0.4393258426966293,1,1.0,0.0,0.3557692307692308,0.11877612959058054,0.0
0.2056179775280899,1,0.5,0.0,0.0,0.5942006021232767,0.0
0.3426966292134832,1,0.0,0.0,0.0,1.0,0.0
0.34831460674157305,1,0.0,1.0,0.4134615384615385,1.0,0.5
0.4808988764044944,0,1.0,0.0,0.4903846153846155,0.11807832478090757,1.0
0.8314606741573034,1,0.0,0.0,0.5288461538461539,0.45707738624867444,0.0
0.8179775280898877,0,0.5,0.0,0.4326923076923077,0.3961337347488512,0.0
0.30898876404494385,1,0.0,1.0,1.0,1.0,0.0
0.5584269662921348,0,1.0,0.0,0.5288461538461539,0.2300622844118328,0.0
0.6314606741573033,0,0.5,0.0,0.4903846153846155,0.2056848238119035,0.0
0.7415730337078652,1,1.0,0.0,0.9134615384615384,1.0,0.0
0.5741573033707865,0,1.0,0.0,0.5288461538461539,0.12264909864339432,0.0
0.2573033707865169,0,1.0,1.0,0.4903846153846155,0.3880084224126373,0.0
0.20786516853932588,0,0.0,0.0,0.4903846153846155,0.7617956437477907,0.0
0.998876404494382,1,0.0,0.0,0.4519230769230769,0.45707738624867444,0.5
0.6820224719101123,1,0.0,0.0,0.4711538461538462,0.46469534268615237,0.0
0.37977528089887647,1,1.0,0.0,0.8173076923076923,0.12264909864339432,0.0
0.1,0,1.0,0.0,0.4134615384615385,0.12264909864339432,0.0
0.6561797752808989,0,1.0,0.0,0.5288461538461539,0.13274289092305255,0.5
0.549438202247191,1,1.0,0.0,0.125,0.24225101471179747,0.0
0.2460674157303371,0,0.5,0.0,0.5288461538461539,0.15997708518703607,0.0
0.8640449438202248,0,1.0,0.0,0.5673076923076923,0.12741032141681802,0.0
0.08764044943820225,1,0.5,0.0,0.0,0.44184147337371865,0.0
0.7382022471910112,0,1.0,1.0,0.5673076923076923,0.23615664956181515,1.0
0.6269662921348315,1,0.0,1.0,0.7019230769230769,1.0,0.0
0.5887640449438202,0,1.0,0.0,0.5288461538461539,0.11014346135563058,0.5
0.04157303370786517,0,1.0,0.0,0.3557692307692308,0.12264909864339432,0.0
0.07303370786516854,1,1.0,0.0,0.4903846153846155,0.23228368050900136,0.5
0.41573033707865176,1,0.0,0.0,0.4326923076923077,0.8447049108394378,0.5
0.953932584269663,1,0.0,1.0,0.5288461538461539,1.0,0.5
0.42247191011235957,1,1.0,1.0,0.37500000000000006,0.11046036834342966,0.0
0.749438202247191,0,1.0,0.0,0.5288461538461539,0.11845922260278147,0.0
0.9808988764044945,0,1.0,0.0,0.8557692307692307,0.13712321587460233,0.0
0.14269662921348317,1,1.0,0.0,0.4134615384615385,0.10881031897907195,0.0
0.25842696629213485,1,0.0,1.0,0.625,1.0,0.0
0.07752808988764046,0,1.0,0.0,0.4519230769230769,0.13198109527930474,0.0
0.30337078651685395,0,0.0,0.0,0.4903846153846155,0.4723132991236303,0.0
0.452808988764045,0,1.0,0.0,0.4903846153846155,0.24148921906804965,0.0
0.7865168539325843,1,1.0,0.0,0.2980769230769231,1.0,0.0
0.002247191011235955,1,1.0,1.0,0.4519230769230769,0.12074460953402483,0.0
0.36966292134831463,1,1.0,0.0,0.25961538461538464,0.8833660397596382,0.0
0.3044943820224719,1,1.0,0.0,0.4326923076923077,0.0,0.0
0.2651685393258427,0,0.5,0.0,0.7980769230769231,0.3961337347488512,0.0
0.37528089887640453,1,0.0,1.0,0.4903846153846155,1.0,0.0
0.647191011235955,1,0.5,1.0,0.6057692307692307,0.1980668673744256,0.0
0.5325842696629214,0,1.0,1.0,0.37500000000000006,0.14988329290737784,0.0
0.9831460674157304,1,1.0,1.0,0.24038461538461542,0.11007947052155576,0.5
0.09213483146067417,1,1.0,1.0,0.4903846153846155,0.1186496715137184,1.0
0.47977528089887644,1,0.5,1.0,0.31730769230769235,0.3961337347488512,0.0
0.46516853932584273,1,1.0,0.0,0.7980769230769231,0.12074460953402483,0.0
0.80561797752809,1,0.5,1.0,0.4711538461538462,0.15997708518703607,0.0
0.03820224719101124,0,0.0,0.0,0.4903846153846155,1.0,0.5
0.21460674157303372,0,0.5,0.0,0.31730769230769235,0.1980668673744256,0.0
0.5921348314606741,0,0.0,0.0,0.5288461538461539,1.0,0.0
0.46966292134831467,0,0.5,0.0,0.5288461538461539,0.1980668673744256,0.0
0.3707865168539326,1,1.0,1.0,0.4903846153846155,0.3542349743427227,1.0
0.3134831460674158,1,1.0,1.0,0.625,0.30852723571785523,0.0
0.3325842696629214,0,1.0,0.0,0.4134615384615385,0.11014346135563058,0.5
0.1955056179775281,0,0.0,0.0,1.0,0.4676785344270687,0.5
0.6213483146067416,1,1.0,0.0,0.37500000000000006,0.11007947052155576,0.5
0.8483146067415731,1,0.5,0.0,0.0,0.22092073668685933,0.0
0.16966292134831462,1,0.0,1.0,0.37500000000000006,1.0,0.0
0.31460674157303375,0,1.0,0.0,1.0,0.11807832478090757,1.0
0.553932584269663,0,0.0,0.0,1.0,0.7542416781443876,0.5
0.501123595505618,1,0.5,1.0,0.20192307692307693,0.29710030106163837,0.0
0.0651685393258427,1,0.5,1.0,0.04807692307692308,0.42279658228002387,0.0
0.040449438202247195,1,1.0,0.0,0.4903846153846155,0.11014346135563058,0.5
0.2415730337078652,1,0.0,1.0,0.548076923076923,1.0,0.5
0.30898876404494385,1,0.0,1.0,1.0,1.0,0.0
0.9449438202247191,0,0.5,0.0,0.25961538461538464,0.15997708518703607,0.0
0.6898876404494382,0,1.0,0.0,0.625,0.12264909864339432,0.0
0.08651685393258428,0,1.0,0.0,0.4903846153846155,0.12264909864339432,0.0
0.8719101123595506,0,1.0,0.0,0.5288461538461539,0.11807832478090757,1.0
0.26966292134831465,0,1.0,1.0,0.4903846153846155,0.22022293187718633,0.5
0.02471910112359551,1,1.0,1.0,0.24038461538461542,0.12233219165559522,1.0
0.2955056179775281,0,0.0,0.0,0.7211538461538461,0.0,0.0
0.03707865168539326,0,0.5,0.0,1.0,0.15997708518703607,0.0
0.9348314606741573,0,1.0,0.0,0.5288461538461539,0.11014346135563058,0.5
0.09662921348314607,0,1.0,0.0,0.25961538461538464,0.5237345050766061,0.0
0.33370786516853934,0,0.0,1.0,0.0,1.0,0.0
0.301123595505618,1,0.0,1.0,1.0,1.0,0.0
0.9404494382022472,0,1.0,0.0,0.5288461538461539,0.12264909864339432,0.0
0.4370786516853933,1,0.5,1.0,0.27884615384615385,0.1828309544994698,0.5
0.3438202247191012,1,0.0,1.0,0.4903846153846155,1.0,0.5
0.8808988764044944,0,1.0,0.0,0.4326923076923077,0.10741318576843849,0.0
0.5247191011235955,0,0.0,0.0,1.0,0.40451348683007693,0.0
0.9292134831460674,1,1.0,0.0,0.0,0.56379276720744,0.0
0.4269662921348315,1,1.0,0.0,0.7596153846153846,1.0,0.0
0.41011235955056186,0,1.0,0.0,0.5288461538461539,0.11046036834342966,0.0
0.05393258426966293,0,1.0,0.0,0.4903846153846155,0.33030240239874215,0.5
0.3674157303370787,1,1.0,0.0,0.6442307692307692,0.1980668673744256,0.0
0.8067415730337079,0,1.0,0.0,0.5288461538461539,0.23615664956181515,1.0
0.8,1,0.0,0.0,0.875,0.7922674694977024,0.0
0.6752808988764045,0,1.0,0.0,0.5288461538461539,0.12029972087807612,0.0
0.42022471910112363,0,1.0,1.0,0.009615384615384616,0.32109686383969377,0.0
0.07528089887640449,0,1.0,0.0,0.31730769230769235,0.12429914800775203,0.0
0.8134831460674158,1,0.0,0.0,0.4711538461538462,0.8090269736601539,0.0
0.6224719101123596,1,1.0,1.0,0.37500000000000006,0.11845922260278147,0.0
0.6595505617977528,1,0.0,0.0,1.0,1.0,0.5
0.6932584269662921,0,1.0,1.0,0.4519230769230769,0.24529819728678864,0.0
0.8629213483146068,0,1.0,0.0,0.5288461538461539,0.36794729593018294,1.0
0.24269662921348317,1,1.0,0.0,0.4711538461538462,0.12074460953402483,0.0
0.4629213483146068,1,0.0,1.0,0.5865384615384616,1.0,1.0
0.021348314606741577,1,1.0,0.0,0.4903846153846155,0.11007947052155576,0.0
0.09887640449438202,1,0.0,1.0,0.3942307692307693,1.0,0.0
0.14382022471910114,1,1.0,1.0,0.4903846153846155,0.3406491108321246,0.5
0.3460674157303371,0,0.5,0.0,0.5288461538461539,0.3656619089989396,0.5
0.5089887640449439,1,1.0,0.0,0.8942307692307693,1.0,0.0
0.9786516853932584,1,0.0,1.0,0.8557692307692307,0.8007112124130029,0.0
0.9168539325842697,0,1.0,1.0,0.3942307692307693,0.12074460953402483,0.0
0.7629213483146068,1,0.0,0.0,0.6442307692307692,1.0,0.5
0.2707865168539326,1,1.0,1.0,0.4903846153846155,0.23615664956181515,1.0
0.5438202247191011,1,0.0,0.0,0.4326923076923077,1.0,0.5
0.27415730337078653,0,1.0,0.0,0.5288461538461539,0.11007947052155576,0.5
0.6528089887640449,1,0.0,1.0,0.7019230769230769,1.0,0.5
0.8752808988764045,1,0.0,1.0,0.7788461538461539,1.0,0.0
0.2764044943820225,0,1.0,1.0,0.4326923076923077,0.11845922260278147,0.0
0.3707865168539326,1,1.0,1.0,0.4903846153846155,0.3542349743427227,1.0
0.8775280898876405,1,1.0,0.0,0.27884615384615385,0.8684470338724815,0.0
0.2629213483146068,0,0.5,0.0,0.4134615384615385,0.15997708518703607,0.0
0.3134831460674158,1,1.0,1.0,0.625,0.30852723571785523,0.0
0.21910112359550565,1,0.0,1.0,1.0,1.0,0.5
0.7876404494382022,1,0.0,0.0,0.625,0.400514059700401,0.0
0.18988764044943823,0,1.0,0.0,0.4903846153846155,0.8607650866009288,0.0
0.4168539325842697,0,1.0,0.0,0.2980769230769231,0.09896944285313798,0.0
0.9887640449438203,1,1.0,0.0,0.4326923076923077,0.3961337347488512,0.0
0.17752808988764046,0,1.0,0.0,0.4903846153846155,0.13198109527930474,0.0
0.7719101123595505,0,1.0,0.0,0.31730769230769235,0.1549614226686006,0.0
0.7696629213483146,0,0.5,0.0,0.4326923076923077,0.6334970686103628,0.5
0.34494382022471914,1,1.0,0.0,0.27884615384615385,1.0,0.0
0.8943820224719101,1,0.0,1.0,0.8942307692307693,0.39505503211730436,0.0
0.21011235955056182,1,0.0,0.0,0.8173076923076923,0.40451348683007693,0.0
0.11910112359550562,1,1.0,1.0,0.3557692307692308,0.11655473349341199,0.0
0.20000000000000004,0,0.5,0.0,0.5288461538461539,0.1980668673744256,0.0
0.10337078651685394,0,0.0,0.0,0.8365384615384616,0.932056970125422,0.0
0.2606741573033708,0,0.5,0.0,1.0,0.2056848238119035,0.0
0.7438202247191011,0,0.0,0.0,0.8557692307692307,0.3898489206879319,0.0
0.41460674157303373,1,0.0,1.0,0.4134615384615385,1.0,0.5
0.3775280898876405,0,0.0,0.0,0.5096153846153846,1.0,0.0
0.30898876404494385,1,0.0,1.0,1.0,1.0,0.0
0.09887640449438202,1,0.0,1.0,0.3942307692307693,1.0,0.0
0.06292134831460675,1,1.0,0.0,0.3557692307692308,0.15997708518703607,0.0
0.017977528089887642,0,1.0,0.0,0.0,0.4437459624830881,1.0
0.44943820224719105,1,1.0,0.0,0.7019230769230769,0.12074460953402483,0.0
0.07191011235955057,0,0.0,0.0,0.4903846153846155,0.42235169362407515,0.5
0.8303370786516854,0,1.0,0.0,0.5288461538461539,0.12029972087807612,0.0
0.9606741573033708,1,1.0,1.0,0.2980769230769231,0.14245578538083686,0.0
0.46404494382022476,0,0.5,0.0,0.4903846153846155,0.0,0.0
0.5561797752808989,0,1.0,0.0,0.5288461538461539,0.22028539911997366,0.5
0.1865168539325843,1,1.0,0.0,0.4903846153846155,0.8379752081225699,0.0
0.052808988764044947,1,1.0,1.0,0.4903846153846155,0.11807832478090757,1.0
0.601123595505618,1,0.5,1.0,0.08653846153846156,0.39994271296759015,0.0
0.14943820224719104,1,0.5,1.0,0.5096153846153846,0.3961337347488512,0.0
0.8775280898876405,1,1.0,0.0,0.27884615384615385,0.8684470338724815,0.0
0.32696629213483147,1,0.0,1.0,0.31730769230769235,1.0,0.5
0.4775280898876405,0,1.0,0.0,0.4903846153846155,0.11046036834342966,0.0
0.5460674157303371,1,0.0,1.0,0.625,1.0,0.0
0.5483146067415731,0,1.0,0.0,0.5288461538461539,0.12264909864339432,0.0
0.7617977528089888,0,1.0,1.0,0.7788461538461539,0.7145643138354277,0.0
0.2595505617977528,0,1.0,0.0,0.5096153846153846,0.11845922260278147,0.0
0.5089887640449439,1,1.0,0.0,0.8942307692307693,1.0,0.0
0.09887640449438202,1,0.0,1.0,0.3942307692307693,1.0,0.0
0.21011235955056182,1,0.0,0.0,0.8173076923076923,0.40451348683007693,0.0
0.302247191011236,1,0.0,1.0,0.625,1.0,0.0
0.7831460674157303,1,1.0,1.0,0.5288461538461539,0.1178238850358958,1.0
0.698876404494382,1,1.0,0.0,0.33653846153846156,0.23983916970369196,0.5
0.8921348314606742,0,1.0,0.0,0.4326923076923077,0.12029972087807612,0.0
0.901123595505618,1,0.0,0.0,0.1634615384615385,1.0,0.0
0.3584269662921349,1,0.0,1.0,0.7211538461538461,1.0,0.5
0.25505617977528094,0,1.0,0.0,0.33653846153846156,0.11046036834342966,0.0
0.25280898876404495,0,1.0,0.0,0.37500000000000006,0.14245578538083686,0.0
0.008988764044943821,1,1.0,0.0,0.4711538461538462,0.1696259888107456,0.0
0.6359550561797753,0,1.0,0.0,0.31730769230769235,0.12029972087807612,0.0
0.46516853932584273,1,1.0,0.0,0.7980769230769231,0.12074460953402483,0.0
0.1202247191011236,1,1.0,0.0,0.4903846153846155,0.11845922260278147,0.0
0.49438202247191015,1,0.5,1.0,0.8173076923076923,0.39994271296759015,0.0
0.7415730337078652,1,1.0,0.0,0.9134615384615384,1.0,0.0
0.6449438202247191,0,1.0,0.0,0.25961538461538464,0.12264909864339432,0.0
0.851685393258427,0,1.0,0.0,0.6057692307692307,0.12264909864339432,0.0
0.5966292134831461,0,1.0,0.0,0.5288461538461539,0.11014346135563058,0.5
0.3280898876404495,0,0.5,0.0,0.6442307692307692,0.19616237826505611,0.5
0.20449438202247194,0,1.0,0.0,0.125,0.47821721536267564,0.0
0.9213483146067416,1,0.0,1.0,0.9519230769230769,1.0,0.0
0.7460674157303371,1,1.0,0.0,0.33653846153846156,0.12074460953402483,0.0
0.24831460674157307,0,0.5,0.0,0.4711538461538462,0.1980668673744256,0.0
0.5730337078651685,1,1.0,0.0,0.5096153846153846,0.11807832478090757,1.0
0.998876404494382,1,0.0,0.0,0.4519230769230769,0.45707738624867444,0.5
0.352808988764045,0,0.5,0.0,0.7788461538461539,0.39994271296759015,0.0
0.901123595505618,1,0.0,0.0,0.1634615384615385,1.0,0.0
0.09550561797752809,1,1.0,1.0,0.5865384615384616,0.24148921906804965,0.0
0.5202247191011236,0,0.5,0.0,0.875,0.1980668673744256,0.0
0.5404494382022472,0,0.5,0.0,0.5288461538461539,0.0,0.0
0.7977528089887641,1,0.0,1.0,0.4134615384615385,0.7542416781443876,0.5
0.7393258426966293,0,0.5,0.0,0.3942307692307693,0.1980668673744256,0.0
0.20337078651685395,0,0.5,0.0,0.4903846153846155,0.22930048876808504,0.5
0.31910112359550563,0,0.0,0.0,0.4903846153846155,0.3961337347488512,0.0
0.3662921348314607,0,1.0,0.0,1.0,0.0950340065575369,0.0
0.8078651685393259,0,1.0,0.0,0.5865384615384616,0.11845922260278147,0.0
0.44943820224719105,1,1.0,0.0,0.7019230769230769,0.12074460953402483,0.0
0.453932584269663,0,1.0,1.0,0.33653846153846156,0.13198109527930474,0.0
0.7640449438202247,0,1.0,1.0,0.5288461538461539,0.12398224101995294,1.0
0.998876404494382,1,0.0,0.0,0.4519230769230769,0.45707738624867444,0.5
0.9247191011235956,1,1.0,1.0,0.4711538461538462,0.1900680131150738,0.0
0.18539325842696633,1,1.0,0.0,0.125,0.31271711175846806,0.0
0.04831460674157304,1,0.5,1.0,0.009615384615384616,0.6334970686103628,0.5
0.10224719101123596,0,1.0,0.0,0.33653846153846156,0.11966590690247796,0.0
0.2213483146067416,0,1.0,0.0,0.7596153846153846,0.12804565898370365,0.0
0.01910112359550562,1,0.5,0.0,0.4903846153846155,0.1980668673744256,0.0
0.7426966292134831,0,1.0,0.0,0.7211538461538461,0.11007947052155576,0.5
0.9213483146067416,1,0.0,1.0,0.9519230769230769,1.0,0.0
0.4123595505617978,1,1.0,1.0,0.4903846153846155,0.11014346135563058,0.5
0.3438202247191012,1,0.0,1.0,0.4903846153846155,1.0,0.5
0.035955056179775284,1,1.0,0.0,0.4903846153846155,0.11807832478090757,0.0
0.5696629213483146,1,0.0,0.0,0.5288461538461539,0.40451348683007693,0.0
0.40112359550561805,0,0.5,1.0,0.6826923076923077,0.1980668673744256,0.0
0.402247191011236,1,1.0,1.0,0.4903846153846155,0.12004680472435186,1.0
0.0044943820224719105,0,1.0,0.0,0.625,0.12264909864339432,0.0
0.998876404494382,1,0.0,0.0,0.4519230769230769,0.45707738624867444,0.5
0.36516853932584276,1,0.0,1.0,0.6442307692307692,1.0,0.5
0.1415730337078652,0,1.0,0.0,0.4903846153846155,0.11807832478090757,1.0
0.6741573033707865,1,0.5,1.0,0.4134615384615385,0.411369647623807,0.0
0.6269662921348315,1,0.0,1.0,0.7019230769230769,1.0,0.0
0.48876404494382025,1,0.0,1.0,0.2211538461538462,1.0,0.0
0.7146067415730337,0,1.0,0.0,0.5673076923076923,0.12074460953402483,0.0
0.5955056179775281,1,0.5,1.0,0.0,0.3961337347488512,0.0
0.46516853932584273,1,1.0,0.0,0.7980769230769231,0.12074460953402483,0.0
0.9269662921348315,0,1.0,0.0,0.5288461538461539,0.10588959448094291,1.0
0.4921348314606742,0,0.0,0.0,1.0,1.0,0.0
0.6786516853932585,1,1.0,0.0,0.625,0.40451348683007693,0.0
0.8123595505617978,0,0.5,0.0,0.9134615384615384,0.1980668673744256,0.0
0.9078651685393259,0,0.5,0.0,0.7019230769230769,0.1980668673744256,0.0
0.5685393258426966,1,1.0,0.0,0.5865384615384616,0.3961337347488512,0.0
0.1910112359550562,0,0.0,0.0,1.0,0.5104030813110199,0.0
0.27865168539325846,1,0.0,0.0,0.6634615384615384,0.8007112124130029,0.0
0.42584269662921354,0,1.0,0.0,0.31730769230769235,0.11845922260278147,0.0
0.4370786516853933,1,0.5,1.0,0.27884615384615385,0.1828309544994698,0.5
0.32696629213483147,1,0.0,1.0,0.31730769230769235,1.0,0.5
0.03146067415730337,1,1.0,1.0,0.4903846153846155,0.12004680472435186,1.0
0.6921348314606741,0,1.0,0.0,0.6057692307692307,0.21939714539936375,0.0
0.7966292134831461,1,1.0,0.0,0.5288461538461539,0.23228368050900136,0.5
0.31797752808988766,1,1.0,0.0,0.31730769230769235,0.12264909864339432,0.0
0.9966292134831461,1,0.0,1.0,0.31730769230769235,0.45707738624867444,0.0
0.42921348314606744,0,1.0,0.0,0.5673076923076923,0.12074460953402483,0.0
0.5662921348314607,1,0.0,1.0,0.25961538461538464,1.0,0.0
0.1865168539325843,1,1.0,0.0,0.4903846153846155,0.8379752081225699,0.0
0.6842696629213483,1,0.0,1.0,0.7211538461538461,1.0,0.0
0.5831460674157304,0,1.0,0.0,0.5673076923076923,0.12029972087807612,0.0
0.06853932584269663,1,0.0,1.0,0.6826923076923077,1.0,0.0
0.755056179775281,0,0.5,0.0,1.0,0.15997708518703607,0.0
0.09101123595505618,1,1.0,0.0,0.5096153846153846,0.14474117231208025,0.0
0.8134831460674158,1,0.0,0.0,0.4711538461538462,0.8090269736601539,0.0
0.6651685393258427,0,1.0,0.0,0.8557692307692307,0.11046036834342966,0.0
0.4730337078651686,0,1.0,0.0,0.3557692307692308,0.1178238850358958,1.0
0.6426966292134831,1,0.0,0.0,0.6442307692307692,0.40203765098789657,0.0
0.8044943820224719,1,0.0,1.0,0.6826923076923077,1.0,0.5
0.4483146067415731,1,0.5,1.0,0.4903846153846155,0.19273429786819107,0.0
0.5235955056179775,0,0.5,0.0,0.5288461538461539,0.0,0.0
0.6966292134831461,0,1.0,0.0,0.4711538461538462,0.22022293187718633,0.5
0.7112359550561798,0,0.0,0.0,0.5288461538461539,0.0,0.0
0.4089887640449439,0,1.0,0.0,0.4903846153846155,0.23615664956181515,1.0
0.20898876404494385,1,1.0,1.0,0.4903846153846155,0.23615664956181515,1.0
0.1865168539325843,1,1.0,0.0,0.4903846153846155,0.8379752081225699,0.0
0.8662921348314607,0,1.0,0.0,0.875,0.11966590690247796,0.0
0.6382022471910113,0,1.0,0.0,0.5288461538461539,0.11014346135563058,0.5
0.9191011235955057,0,1.0,0.0,0.7788461538461539,0.098271638043465,0.0
0.38988764044943824,1,1.0,1.0,0.4903846153846155,0.24529819728678864,0.0
0.06179775280898877,1,0.0,0.0,0.4903846153846155,0.5408749070609314,0.0
0.6595505617977528,1,0.0,0.0,1.0,1.0,0.5
0.6292134831460674,0,1.0,0.0,0.5288461538461539,0.11807832478090757,1.0
0.32359550561797756,1,0.5,0.0,0.7596153846153846,0.1980668673744256,0.0
0.7224719101123596,1,1.0,0.0,0.5288461538461539,0.8607650866009288,0.0
0.6404494382022472,1,0.5,0.0,1.0,0.15997708518703607,0.0
0.8168539325842696,1,1.0,1.0,0.5288461538461539,0.11788787586997061,1.0
0.751685393258427,1,0.0,1.0,0.5288461538461539,0.7922674694977024,0.0
0.2898876404494382,1,0.0,1.0,0.625,1.0,0.5
0.3617977528089888,1,0.5,1.0,0.5288461538461539,0.18816352400570432,1.0
0.6741573033707865,1,0.5,1.0,0.4134615384615385,0.411369647623807,0.0
0.5382022471910113,1,1.0,1.0,0.0,0.18721127945101956,0.0
0.4629213483146068,1,0.0,1.0,0.5865384615384616,1.0,1.0
0.150561797752809,0,0.5,0.0,0.4326923076923077,0.1980668673744256,0.0
0.4471910112359551,0,0.5,0.0,0.3942307692307693,0.15997708518703607,0.0
0.8157303370786517,1,0.5,1.0,0.5288461538461539,0.31995417037407214,0.0
0.15842696629213485,1,1.0,1.0,0.37500000000000006,0.11807832478090757,0.0
0.27303370786516856,0,1.0,0.0,0.37500000000000006,0.10855587923406018,0.0
0.9550561797752809,0,1.0,0.0,0.028846153846153848,0.4765031751642431,0.0
0.07078651685393259,0,1.0,0.0,0.028846153846153848,0.42508196921126723,0.0
0.9865168539325843,0,1.0,0.0,0.5288461538461539,0.12029972087807612,0.0
0.29438202247191014,0,0.0,0.0,0.9519230769230769,1.0,0.0
0.14382022471910114,1,1.0,1.0,0.4903846153846155,0.3406491108321246,0.5
0.49438202247191015,1,0.5,1.0,0.8173076923076923,0.39994271296759015,0.0
0.42247191011235957,1,1.0,1.0,0.37500000000000006,0.11046036834342966,0.0
0.6393258426966292,1,1.0,0.0,0.5673076923076923,0.11966590690247796,0.0
0.8876404494382023,0,1.0,0.0,0.5288461538461539,0.11807832478090757,1.0
0.3438202247191012,1,0.0,1.0,0.4903846153846155,1.0,0.5
0.8853932584269664,1,1.0,0.0,0.0,0.3134789074022159,0.0
0.1662921348314607,0,0.5,0.0,0.6442307692307692,0.3961337347488512,0.0
0.4303370786516854,1,0.0,1.0,0.625,0.7922674694977024,0.0
0.4449438202247191,0,1.0,1.0,0.548076923076923,0.11966590690247796,0.0
0.16966292134831462,1,0.0,1.0,0.37500000000000006,1.0,0.0
0.8044943820224719,1,0.0,1.0,0.6826923076923077,1.0,0.5
0.14943820224719104,1,0.5,1.0,0.5096153846153846,0.3961337347488512,0.0
0.6910112359550562,1,0.5,1.0,0.4134615384615385,0.990334336872128,0.0
0.8460674157303371,0,1.0,0.0,0.3942307692307693,0.12029972087807612,0.0
0.32471910112359553,1,1.0,1.0,0.37500000000000006,0.11807832478090757,1.0
0.5426966292134832,1,1.0,1.0,1.0,0.14607431468863888,0.0
0.44943820224719105,1,1.0,0.0,0.7019230769230769,0.12074460953402483,0.0
0.9415730337078652,1,1.0,0.0,0.5673076923076923,0.8607650866009288,0.0
0.3764044943820225,0,1.0,0.0,0.4903846153846155,0.12029972087807612,0.0
0.7258426966292135,0,1.0,0.0,0.31730769230769235,0.12029972087807612,0.0
0.09438202247191012,1,0.5,1.0,0.27884615384615385,0.15997708518703607,0.0
0.5460674157303371,1,0.0,1.0,0.625,1.0,0.0
0.7359550561797753,0,0.5,0.0,0.4134615384615385,1.0,0.0
0.5797752808988764,1,0.5,1.0,0.6057692307692307,0.15997708518703607,0.0
0.05842696629213484,1,0.0,1.0,0.8942307692307693,1.0,0.5
0.3977528089887641,0,1.0,0.0,0.4903846153846155,0.11007947052155576,0.5
0.007865168539325843,0,1.0,0.0,0.0,0.32109686383969377,0.0
0.5314606741573034,1,0.5,1.0,0.3942307692307693,0.21012913959752813,0.5
0.25842696629213485,1,0.0,1.0,0.625,1.0,0.0
0.849438202247191,0,1.0,0.0,0.4903846153846155,0.11877612959058054,0.0
0.8955056179775281,1,1.0,1.0,0.548076923076923,0.1322980022671038,0.0
0.12247191011235956,1,1.0,1.0,0.4903846153846155,0.36794729593018294,1.0
0.3438202247191012,1,0.0,1.0,0.4903846153846155,1.0,0.5
0.37528089887640453,1,0.0,1.0,0.4903846153846155,1.0,0.0
0.9955056179775281,0,0.5,0.0,0.4711538461538462,0.1980668673744256,0.0
0.14269662921348317,1,1.0,0.0,0.4134615384615385,0.10881031897907195,0.0
0.3044943820224719,1,1.0,0.0,0.4326923076923077,0.0,0.0
0.2224719101123596,1,1.0,1.0,0.4903846153846155,0.11807832478090757,1.0
0.49101123595505625,1,0.5,1.0,0.4134615384615385,0.2856733664054215,0.0
0.17078651685393262,0,1.0,0.0,1.0,0.12264909864339432,0.0
0.16966292134831462,1,0.0,1.0,0.37500000000000006,1.0,0.0
0.5089887640449439,1,1.0,0.0,0.8942307692307693,1.0,0.0
0.6730337078651686,1,0.0,0.0,0.8942307692307693,0.8673683312409346,0.5
0.748314606741573,0,0.5,0.0,0.4326923076923077,0.1980668673744256,0.0
0.9157303370786517,0,0.0,0.0,0.5288461538461539,0.0,0.0
0.09325842696629214,0,0.0,0.0,0.4903846153846155,0.7176114964104189,0.0
0.06629213483146068,0,1.0,0.0,0.1634615384615385,0.7145643138354277,0.0
0.7831460674157303,1,1.0,1.0,0.5288461538461539,0.1178238850358958,1.0
0.9831460674157304,1,1.0,1.0,0.24038461538461542,0.11007947052155576,0.5
0.7606741573033708,1,1.0,1.0,0.2980769230769231,0.14994728374145264,0.0
0.3606741573033708,0,1.0,0.0,0.4711538461538462,0.12029972087807612,0.0
0.22808988764044946,0,1.0,0.0,0.8365384615384616,0.11007947052155576,0.5
0.055056179775280906,0,1.0,1.0,0.2980769230769231,0.2711992491742135,0.0
0.07977528089887641,0,1.0,1.0,0.25961538461538464,0.7145643138354277,0.0
0.4235955056179776,0,0.0,0.0,0.4711538461538462,1.0,0.5
0.8932584269662922,0,0.5,0.0,0.7019230769230769,0.1980668673744256,0.0
0.7224719101123596,1,1.0,0.0,0.5288461538461539,0.8607650866009288,0.0
0.701123595505618,0,1.0,0.0,0.3557692307692308,0.24529819728678864,0.0
0.5337078651685393,0,0.0,0.0,0.5288461538461539,0.7922674694977024,0.0
0.7685393258426967,0,0.5,0.0,1.0,0.5942006021232767,0.0
0.21011235955056182,1,0.0,0.0,0.8173076923076923,0.40451348683007693,0.0
0.7213483146067415,0,1.0,1.0,0.0,0.42508196921126723,0.0
0.28876404494382024,1,0.0,1.0,0.5288461538461539,1.0,0.0
0.9112359550561798,0,1.0,0.0,0.7019230769230769,0.36794729593018294,0.0
0.23820224719101127,0,1.0,0.0,0.37500000000000006,0.11046036834342966,0.0
0.11573033707865168,0,1.0,0.0,0.5865384615384616,0.13185463720244261,0.0
0.8651685393258427,0,1.0,0.0,0.4134615384615385,0.14474117231208025,0.0
0.1101123595505618,1,0.5,1.0,0.6057692307692307,0.35042599612398373,0.0
0.8359550561797753,1,1.0,0.0,0.548076923076923,0.12074460953402483,0.0
0.22022471910112362,0,1.0,0.0,0.4903846153846155,0.11807832478090757,1.0
0.15955056179775284,1,1.0,1.0,0.4134615384615385,0.24148921906804965,0.0
0.949438202247191,0,1.0,0.0,0.7596153846153846,0.1150311422059164,0.0
0.11797752808988765,0,1.0,0.0,0.4903846153846155,0.12029972087807612,0.0
0.032584269662921356,0,1.0,0.0,0.4903846153846155,0.12029972087807612,0.0
0.8988764044943821,0,0.5,0.0,0.6057692307692307,0.1980668673744256,0.0
0.702247191011236,0,0.0,0.0,1.0,0.4924368928488719,0.0
0.32921348314606746,0,1.0,1.0,0.4134615384615385,0.13483782894335897,0.0
0.6831460674157304,1,0.5,1.0,0.37500000000000006,0.6334970686103628,0.5
0.3966292134831461,0,1.0,0.0,0.4326923076923077,0.2711992491742135,0.0
0.8775280898876405,1,1.0,0.0,0.27884615384615385,0.8684470338724815,0.0
0.6404494382022472,1,0.5,0.0,1.0,0.15997708518703607,0.0
0.6235955056179775,0,0.0,0.0,1.0,0.40451348683007693,0.0
0.8943820224719101,1,0.0,1.0,0.8942307692307693,0.39505503211730436,0.0
0.5449438202247191,0,1.0,1.0,0.5288461538461539,0.3880084224126373,0.0
0.7337078651685394,1,1.0,1.0,0.5288461538461539,0.11928500908060408,1.0
0.8370786516853933,0,0.0,0.0,1.0,1.0,0.0
0.30898876404494385,1,0.0,1.0,1.0,1.0,0.0
0.4955056179775281,0,1.0,0.0,0.33653846153846156,0.14474117231208025,0.0
0.7247191011235955,1,0.0,0.0,0.875,1.0,0.5
0.3640449438202248,0,1.0,0.0,0.4903846153846155,1.0,0.0
0.2752808988764045,0,0.0,0.0,0.7980769230769231,1.0,1.0
0.9303370786516855,1,1.0,0.0,0.5288461538461539,0.11807832478090757,1.0
0.7404494382022472,0,0.0,0.0,1.0,1.0,0.5
0.9887640449438203,1,1.0,0.0,0.4326923076923077,0.3961337347488512,0.0
0.7337078651685394,1,1.0,1.0,0.5288461538461539,0.11928500908060408,1.0
0.4685393258426967,1,0.5,1.0,0.2980769230769231,0.1980668673744256,0.0
0.7752808988764045,1,0.0,0.0,0.548076923076923,0.8684470338724815,0.0
0.37415730337078656,0,1.0,0.0,0.25961538461538464,0.27424643174920466,0.0
0.0696629213483146,0,0.0,0.0,0.8173076923076923,1.0,0.0
0.5752808988764045,1,0.0,0.0,0.6442307692307692,0.400514059700401,0.0
0.9258426966292135,0,1.0,0.0,0.0,0.6046752922248089,0.0
0.8157303370786517,1,0.5,1.0,0.5288461538461539,0.31995417037407214,0.0
0.1606741573033708,0,1.0,0.0,0.31730769230769235,0.10284241190595175,1.0
0.7044943820224719,1,0.0,1.0,0.3557692307692308,1.0,0.0
0.9,1,0.5,1.0,0.548076923076923,0.39994271296759015,0.0
0.8955056179775281,1,1.0,1.0,0.548076923076923,0.1322980022671038,0.0
0.44606741573033715,0,0.5,0.0,0.8365384615384616,0.3961337347488512,0.0
0.030337078651685397,0,0.0,0.0,0.31730769230769235,1.0,0.0
0.5786516853932584,0,0.0,0.0,0.8557692307692307,0.5183379447362968,0.0
0.7606741573033708,1,1.0,1.0,0.2980769230769231,0.14994728374145264,0.0
0.7157303370786517,0,0.5,0.0,0.548076923076923,0.39994271296759015,0.0
0.2831460674157304,0,0.0,0.0,1.0,0.40451348683007693,0.0
0.8134831460674158,1,0.0,0.0,0.4711538461538462,0.8090269736601539,0.0
0.042696629213483155,0,1.0,1.0,0.2980769230769231,0.27424643174920466,0.0
0.6528089887640449,1,0.0,1.0,0.7019230769230769,1.0,0.5
0.08764044943820225,1,0.5,0.0,0.0,0.44184147337371865,0.0
0.37977528089887647,1,1.0,0.0,0.8173076923076923,0.12264909864339432,0.0
0.7876404494382022,1,0.0,0.0,0.625,0.400514059700401,0.0
0.025842696629213485,1,0.0,0.0,0.4903846153846155,0.5408749070609314,0.0
0.9303370786516855,1,1.0,0.0,0.5288461538461539,0.11807832478090757,1.0
0.3314606741573034,0,0.0,0.0,0.4903846153846155,0.42235169362407515,0.5
0.2224719101123596,1,1.0,1.0,0.4903846153846155,0.11807832478090757,1.0
0.06853932584269663,1,0.0,1.0,0.6826923076923077,1.0,0.0
0.9280898876404494,0,1.0,0.0,0.5288461538461539,0.8607650866009288,0.0
0.8685393258426967,0,1.0,0.0,0.5288461538461539,0.11007947052155576,0.5
0.6269662921348315,1,0.0,1.0,0.7019230769230769,1.0,0.0
0.16404494382022475,1,1.0,0.0,0.4711538461538462,0.11877612959058054,0.0
0.4617977528089888,0,1.0,0.0,0.4903846153846155,0.10449246127030946,1.0
0.04494382022471911,0,1.0,1.0,0.7211538461538461,0.14436027449020633,0.0
0.8449438202247191,0,1.0,0.0,0.5865384615384616,0.14474117231208025,0.0
0.5157303370786517,0,1.0,0.0,0.5288461538461539,0.11807832478090757,1.0
0.650561797752809,1,1.0,0.0,0.5673076923076923,0.12074460953402483,0.0
0.7123595505617978,0,1.0,1.0,0.125,0.42508196921126723,0.0
0.3573033707865169,1,1.0,0.0,0.548076923076923,1.0,0.0
0.6337078651685394,0,1.0,1.0,0.5288461538461539,0.12264909864339432,0.0
0.953932584269663,1,0.0,1.0,0.5288461538461539,1.0,0.5
0.22359550561797756,0,0.5,1.0,0.4134615384615385,0.1980668673744256,0.0
0.7235955056179776,1,1.0,1.0,0.0,0.29341778091976156,0.5
0.15393258426966294,0,0.0,0.0,0.6634615384615384,0.8090269736601539,0.0
0.6078651685393258,0,1.0,1.0,0.125,0.4765031751642431,0.0
0.8584269662921349,0,1.0,0.0,0.25961538461538464,0.11845922260278147,0.0
0.20224719101123598,0,1.0,1.0,0.4903846153846155,1.0,0.0
0.2898876404494382,1,0.0,1.0,0.625,1.0,0.5
0.41460674157303373,1,0.0,1.0,0.4134615384615385,1.0,0.5
0.30898876404494385,1,0.0,1.0,1.0,1.0,0.0
